player_id,headshot_url
00-0007091,"https://static.www.nfl.com/image/private/f_auto,q_auto/league/t1nf9avoy2kauqwrvzza"
00-0010346,"https://static.www.nfl.com/image/private/f_auto,q_auto/league/xpcd6auodk3w0vda6jal"
00-0019596,"https://static.www.nfl.com/image/private/f_auto,q_auto/league/q7dpdlxyu5rs05rgh1le"
00-0020245,"https://static.www.nfl.com/image/private/f_auto,q_auto/league/hrg4riwhpjbijfovsjrk"
00-0020337,"https://static.www.nfl.com/image/private/f_auto,q_auto/league/k23e0b8cto93he9rt0zc"
00-0020531,"https://static.www.nfl.com/image/private/f_auto,q_auto/league/bt6nv11jgsirnuymookt"
00-0020679,"https://static.www.nfl.com/image/private/f_auto,q_auto/league/dn42ccbwrshm7uksyphy"
00-0021206,"https://static.www.nfl.com/image/private/f_auto,q_auto/league/qcauc37wqjdaxdbq1evu"
00-0021429,"https://static.www.nfl.com/image/private/f_auto,q_auto/league/belgna3tokxga0gjjmwk"
00-0021547,"https://static.www.nfl.com/image/private/f_auto,q_auto/league/kndulvysinvn4tpvt0bc"
00-0021678,"https://static.www.nfl.com/image/private/f_auto,q_auto/league/rdgaxf7djip2ovlkeqjk"
00-0022044,"https://static.www.nfl.com/image/private/f_auto,q_auto/league/iavrftkbpw4bekzl7zfv"
00-0022084,"https://static.www.nfl.com/image/private/f_auto,q_auto/league/ajabgwxbliupgkwjbnut"
00-0022127,"https://static.www.nfl.com/image/private/f_auto,q_auto/league/r7uafhtwuexuaty0nhsc"
00-0022414,"https://static.www.nfl.com/image/private/f_auto,q_auto/league/or8gm79eaonksxe8gl0t"
00-0022427,"https://static.www.nfl.com/image/private/f_auto,q_auto/league/rgjwexzif36vncjfdwap"
00-0022736,"https://static.www.nfl.com/image/private/f_auto,q_auto/league/abl5wejuf448xw3jtphm"
00-0022787,"https://static.www.nfl.com/image/private/f_auto,q_auto/league/mj2kh2nddxnw04ludcx0"
00-0022803,"https://static.www.nfl.com/image/private/f_auto,q_auto/league/w51tf8uedjftbr4qpaex"
00-0022811,"https://static.www.nfl.com/image/private/f_auto,q_auto/league/hkq2dmfj7mbgbuejiloy"
00-0022864,"https://static.www.nfl.com/image/private/f_auto,q_auto/league/pj2lbdhplppzlywlzsbr"
00-0022921,"https://static.www.nfl.com/image/private/f_auto,q_auto/league/giswjsemt4f7ppwxtqgp"
00-0022924,"https://static.www.nfl.com/image/private/f_auto,q_auto/league/vziogpnyp9d0xtpiuqhr"
00-0022942,"https://static.www.nfl.com/image/private/f_auto,q_auto/league/voakyrtj34sghkwxaxxf"
00-0022943,"https://static.www.nfl.com/image/private/f_auto,q_auto/league/dorymozpdnrllkqlfzpu"
00-0022999,"https://static.www.nfl.com/image/private/f_auto,q_auto/league/nbcwgq2o0ymmx4czvr4b"
00-0023310,"https://static.www.nfl.com/image/private/f_auto,q_auto/league/bfjxc892mfkni8ywtheh"
00-0023367,"https://static.www.nfl.com/image/private/f_auto,q_auto/league/tfd0wzddpwzhmhunbowa"
00-0023436,"https://static.www.nfl.com/image/private/f_auto,q_auto/league/hinmlhyjffsmq6bwq6tk"
00-0023459,"https://static.www.nfl.com/image/upload/f_auto,q_auto/league/dypvakakxhccxs67tb0y"
00-0023462,"https://static.www.nfl.com/image/private/f_auto,q_auto/league/f7dgklg6z49fbdltwuki"
00-0023465,"https://static.www.nfl.com/image/private/f_auto,q_auto/league/iqw8fry4hgfvegs9nfuf"
00-0023496,"https://static.www.nfl.com/image/private/f_auto,q_auto/league/kdquag2thcfulvrs0cbz"
00-0023500,"https://static.www.nfl.com/image/private/f_auto,q_auto/league/gfuklcqmphmdy9ncwrdt"
00-0023506,"https://static.www.nfl.com/image/private/f_auto,q_auto/league/zcpxncjwcm6ggoiqt6ub"
00-0023564,"https://static.www.nfl.com/image/private/f_auto,q_auto/league/gvj5ng27blmwuz170aeo"
00-0023578,"https://static.www.nfl.com/image/private/f_auto,q_auto/league/vr8juuraecwssjnviglf"
00-0023645,"https://static.www.nfl.com/image/private/f_auto,q_auto/league/w191gsxivnqgdwgydka6"
00-0023662,"https://static.www.nfl.com/image/private/f_auto,q_auto/league/n1ucqggyu5hlsqzuv5gj"
00-0023682,"https://static.www.nfl.com/image/private/f_auto,q_auto/league/pkhhxwplsawnhln9rsun"
00-0023752,"https://static.www.nfl.com/image/private/f_auto,q_auto/league/lhecgqac5nourex1czfo"
00-0023921,"https://static.www.nfl.com/image/private/f_auto,q_auto/league/tuwhvxan7v0gisbei4an"
00-0024204,"https://static.www.nfl.com/image/private/f_auto,q_auto/league/ibu4ltouiplhatsn4ptq"
00-0024217,"https://static.www.nfl.com/image/private/f_auto,q_auto/league/z2m2heolqx9sgobdks9v"
00-0024221,"https://static.www.nfl.com/image/private/f_auto,q_auto/league/so5ywayfeeu4zeijln5m"
00-0024226,"https://static.www.nfl.com/image/private/f_auto,q_auto/league/ks6n7gvw4vccihlse6bn"
00-0024242,"https://static.www.nfl.com/image/private/f_auto,q_auto/league/oky9ooitgqa1fgwdll6b"
00-0024243,"https://static.www.nfl.com/image/private/f_auto,q_auto/league/ppq07tipygpftz5csipx"
00-0024264,"https://static.www.nfl.com/image/private/f_auto,q_auto/league/pxungqbhh61ov73tzaxk"
00-0024267,"https://static.www.nfl.com/image/private/f_auto,q_auto/league/jiemkcfkc893pfova8xv"
00-0024268,"https://static.www.nfl.com/image/private/f_auto,q_auto/league/twcrap9uhjbazmplq5x3"
00-0024272,"https://static.www.nfl.com/image/private/f_auto,q_auto/league/jtntm2ci9doez4qxbx0c"
00-0024279,"https://static.www.nfl.com/image/private/f_auto,q_auto/league/bqukmeneztibnhrjko0q"
00-0024296,"https://static.www.nfl.com/image/private/f_auto,q_auto/league/taj8zdymlqd9vscjitk0"
00-0024313,"https://static.www.nfl.com/image/private/f_auto,q_auto/league/ktxkz5tzddboxst5xfh8"
00-0024324,"https://static.www.nfl.com/image/private/f_auto,q_auto/league/nnis5ib42eoeu8bjjpdc"
00-0024334,"https://static.www.nfl.com/image/private/f_auto,q_auto/league/jhziqh0scfksvxen6f3s"
00-0024389,"https://static.www.nfl.com/image/private/f_auto,q_auto/league/diknegkpqy0qnri7877z"
00-0024466,"https://static.www.nfl.com/image/private/f_auto,q_auto/league/hnnuo9nfwzwlakr2srdq"
00-0024535,"https://static.www.nfl.com/image/private/f_auto,q_auto/league/kptsfekcpfukewtim9kz"
00-0024813,"https://static.www.nfl.com/image/private/f_auto,q_auto/league/w58uf8rmlucv7qagwrfv"
00-0025389,"https://static.www.nfl.com/image/private/f_auto,q_auto/league/z6dxib9sientn4m9cljh"
00-0025394,"https://static.www.nfl.com/image/private/f_auto,q_auto/league/ug2ua3skqc9f6vkbowxc"
00-0025396,"https://static.www.nfl.com/image/private/f_auto,q_auto/league/av3kbvba3bp4c6wrqz3g"
00-0025399,"https://static.www.nfl.com/image/private/f_auto,q_auto/league/ddhpebfqtr9yxsnbx9ht"
00-0025410,"https://static.www.nfl.com/image/private/f_auto,q_auto/league/ihvktvkw198qeclu6mtk"
00-0025418,"https://static.www.nfl.com/image/private/f_auto,q_auto/league/jevf1bubmrv2vvmiwq3r"
00-0025430,"https://static.www.nfl.com/image/private/f_auto,q_auto/league/di5hc0mwbomreqx7ojbu"
00-0025460,"https://static.www.nfl.com/image/private/f_auto,q_auto/league/yhjtycrpq7jtfarxkhcx"
00-0025464,"https://static.www.nfl.com/image/private/f_auto,q_auto/league/wywcnns8be7rzlrwnjwh"
00-0025465,"https://static.www.nfl.com/image/private/f_auto,q_auto/league/rgputh3d4brz7dtzf0wh"
00-0025516,"https://static.www.nfl.com/image/private/f_auto,q_auto/league/zktr2miqzub2buwa19x7"
00-0025549,"https://static.www.nfl.com/image/private/f_auto,q_auto/league/mit6ahic4gkdhy1hkejt"
00-0025637,"https://static.www.nfl.com/image/private/f_auto,q_auto/league/vlgcz2so2urjgowxz3tz"
00-0025708,"https://static.www.nfl.com/image/private/f_auto,q_auto/league/h04zarfikqlgerdftbgp"
00-0026008,"https://static.www.nfl.com/image/private/f_auto,q_auto/league/okuwvdnxk6weqzz3tglf"
00-0026019,"https://static.www.nfl.com/image/private/f_auto,q_auto/league/gorlqe0etvc8ek5wob7j"
00-0026035,"https://static.www.nfl.com/image/private/f_auto,q_auto/league/etz06w7s0ardf49mnayz"
00-0026069,"https://static.www.nfl.com/image/private/f_auto,q_auto/league/frwhwdhbcteyg7xjha7a"
00-0026143,"https://static.www.nfl.com/image/private/f_auto,q_auto/league/s6zam4ekrrnonsck6vak"
00-0026144,"https://static.www.nfl.com/image/private/f_auto,q_auto/league/bfvionxxsfckmjqtw4kv"
00-0026153,"https://static.www.nfl.com/image/private/f_auto,q_auto/league/dzvxfj3xrgnzc3jbag2n"
00-0026158,"https://static.www.nfl.com/image/upload/f_auto,q_auto/league/dre1d2f2d6dxqohzn5l2"
00-0026164,"https://static.www.nfl.com/image/private/f_auto,q_auto/league/ryf9nc84eovvdbf0cz79"
00-0026176,"https://static.www.nfl.com/image/private/f_auto,q_auto/league/bde2n4ozsakatgs4yyp2"
00-0026182,"https://static.www.nfl.com/image/private/f_auto,q_auto/league/xoejgvlit9inmaazsvk4"
00-0026184,"https://static.www.nfl.com/image/private/f_auto,q_auto/league/olqssssjykcx7tx7xsy3"
00-0026186,"https://static.www.nfl.com/image/private/f_auto,q_auto/league/zuyscuvgyqgk8ka0f8ca"
00-0026189,"https://static.www.nfl.com/image/private/f_auto,q_auto/league/pr5m864fqvnoozihylrh"
00-0026197,"https://static.www.nfl.com/image/private/f_auto,q_auto/league/ornr9pcnzveqlntqc7jx"
00-0026201,"https://static.www.nfl.com/image/private/f_auto,q_auto/league/repls3tq1d4jnvwmaqia"
00-0026213,"https://static.www.nfl.com/image/private/f_auto,q_auto/league/mdrlzgankwwjldxllgcx"
00-0026224,"https://static.www.nfl.com/image/private/f_auto,q_auto/league/hblmz1iaov5vqx7cd9cv"
00-0026225,"https://static.www.nfl.com/image/private/f_auto,q_auto/league/ydn9wsicn6agvcwuxzsi"
00-0026237,"https://static.www.nfl.com/image/private/f_auto,q_auto/league/afshg08orl4bbixigzke"
00-0026267,"https://static.www.nfl.com/image/private/f_auto,q_auto/league/kfyqh9qmtwufzixwuoo2"
00-0026281,"https://static.www.nfl.com/image/private/f_auto,q_auto/league/qhfzxti66ga02dok4etx"
00-0026286,"https://static.www.nfl.com/image/private/f_auto,q_auto/league/mkg1584egfz8psc6gca7"
00-0026289,"https://static.www.nfl.com/image/private/f_auto,q_auto/league/azokebvu5bctrltqy38r"
00-0026293,"https://static.www.nfl.com/image/private/f_auto,q_auto/league/cs1ojdzhxjuanbw6vflv"
00-0026298,"https://static.www.nfl.com/image/private/f_auto,q_auto/league/bftuje5hq6fnlmpc0uhy"
00-0026300,"https://static.www.nfl.com/image/upload/f_auto,q_auto/league/sijqkai2yy1cbw3rwndh"
00-0026345,"https://static.www.nfl.com/image/private/f_auto,q_auto/league/xwjogot7xrfj9qwhsgtn"
00-0026364,"https://static.www.nfl.com/image/private/f_auto,q_auto/league/vlyzq1v53slatimy6v5q"
00-0026373,"https://static.www.nfl.com/image/private/f_auto,q_auto/league/o86dvbcs8dcubcpj6fnu"
00-0026393,"https://static.www.nfl.com/image/private/f_auto,q_auto/league/nqy3arwxgk4lwh3pfrr3"
00-0026498,"https://static.www.nfl.com/image/upload/f_auto,q_auto/league/jwpkjfrkzufdyh8u1mg7"
00-0026544,"https://static.www.nfl.com/image/private/f_auto,q_auto/league/jt8fvgeyuhsbpo9m9t4x"
00-0026577,"https://static.www.nfl.com/image/private/f_auto,q_auto/league/yjyhu6hejsynzkfiayqm"
00-0026625,"https://static.www.nfl.com/image/private/f_auto,q_auto/league/japt3mj2xctm7saqndxn"
00-0026739,"https://static.www.nfl.com/image/private/f_auto,q_auto/league/kdrgruvmcbm12bfluhna"
00-0026796,"https://static.www.nfl.com/image/private/f_auto,q_auto/league/b7zvp5go7e86i7wd1qyh"
00-0026852,"https://static.www.nfl.com/image/private/f_auto,q_auto/league/znfzmkdrjpzxrhv8j0r7"
00-0026855,"https://static.www.nfl.com/image/private/f_auto,q_auto/league/m45j6r43nwv5bsy0ooyo"
00-0026898,"https://static.www.nfl.com/image/private/f_auto,q_auto/league/e12qugcuc1cpgkf0crfn"
00-0026901,"https://static.www.nfl.com/image/private/f_auto,q_auto/league/dy9z5wbsitf6l9psjq4y"
00-0026931,"https://static.www.nfl.com/image/private/f_auto,q_auto/league/hhb76d36m5l6x2i12liw"
00-0026932,"https://static.www.nfl.com/image/private/f_auto,q_auto/league/a2vztwdw7rtpl9q9hzds"
00-0026957,"https://static.www.nfl.com/image/private/f_auto,q_auto/league/td6y6zc2m3ifhcfd4yz9"
00-0026983,"https://static.www.nfl.com/image/private/f_auto,q_auto/league/d5otkkbb0z2rdd2bjatd"
00-0026986,"https://static.www.nfl.com/image/private/f_auto,q_auto/league/kcavcmeyaion38ewxwyk"
00-0026993,"https://static.www.nfl.com/image/private/f_auto,q_auto/league/cwcasm6m73fx1mjpjk3n"
00-0026995,"https://static.www.nfl.com/image/private/f_auto,q_auto/league/tvlsuugnbn0idb0tbtgw"
00-0026996,"https://static.www.nfl.com/image/private/f_auto,q_auto/league/ff8qbxnqulosib0go5ez"
00-0026998,"https://static.www.nfl.com/image/private/f_auto,q_auto/league/ly7xvqfvoehf5jqrzzcq"
00-0027003,"https://static.www.nfl.com/image/private/f_auto,q_auto/league/shuzv9hi421ip4zllqly"
00-0027005,"https://static.www.nfl.com/image/private/f_auto,q_auto/league/nbgeeeuhd0n4zrctfxce"
00-0027006,"https://static.www.nfl.com/image/private/f_auto,q_auto/league/joozpvuyykyxjogcg3r5"
00-0027029,"https://static.www.nfl.com/image/private/f_auto,q_auto/league/pbktgxotzvm04sasmxwl"
00-0027057,"https://static.www.nfl.com/image/private/f_auto,q_auto/league/uzpf58ijo44jfqakwv83"
00-0027061,"https://static.www.nfl.com/image/private/f_auto,q_auto/league/cthoenebptadlu4g928v"
00-0027069,"https://static.www.nfl.com/image/private/f_auto,q_auto/league/wwv9hxkrcbiqururrcuy"
00-0027077,"https://static.www.nfl.com/image/private/f_auto,q_auto/league/vuqaw5utqkgyqtp7hwbu"
00-0027089,"https://static.www.nfl.com/image/private/f_auto,q_auto/league/rivj8wgktddc22qdtpsn"
00-0027125,"https://static.www.nfl.com/image/private/f_auto,q_auto/league/ghvzkuugli86zstauzvr"
00-0027135,"https://static.www.nfl.com/image/private/f_auto,q_auto/league/tzyfv93n3bgtbmywjczu"
00-0027139,"https://static.www.nfl.com/image/private/f_auto,q_auto/league/i1t7zl2f5t0wwj72yxj7"
00-0027150,"https://static.www.nfl.com/image/private/f_auto,q_auto/league/aqcqn3w2ysnekbrqfrse"
00-0027155,"https://static.www.nfl.com/image/private/f_auto,q_auto/league/r48elxgcxhdkfkazlqab"
00-0027215,"https://static.www.nfl.com/image/private/f_auto,q_auto/league/rckjvflmpzh9tiescxcd"
00-0027218,"https://static.www.nfl.com/image/private/f_auto,q_auto/league/mpibe74w5hnraxk823vf"
00-0027265,"https://static.www.nfl.com/image/private/f_auto,q_auto/league/q15bky6cm2stbiy0zafu"
00-0027321,"https://static.www.nfl.com/image/private/f_auto,q_auto/league/c87plzwz1aj8haowwxcq"
00-0027325,"https://static.www.nfl.com/image/private/f_auto,q_auto/league/s3eilto1yi0yhoamvvo3"
00-0027356,"https://static.www.nfl.com/image/private/f_auto,q_auto/league/bz33qmm3sdz0yswywrul"
00-0027450,"https://static.www.nfl.com/image/private/f_auto,q_auto/league/uposmry1docri5fwr22y"
00-0027531,"https://static.www.nfl.com/image/private/f_auto,q_auto/league/wuhrkffigvt55hcqd4yw"
00-0027581,"https://static.www.nfl.com/image/private/f_auto,q_auto/league/tmbglbojtv1psbkhejsg"
00-0027583,"https://static.www.nfl.com/image/private/f_auto,q_auto/league/fcqa6vamgjb4adwfpbac"
00-0027595,"https://static.www.nfl.com/image/private/f_auto,q_auto/league/u58mrjpxghm6ajfjbcfz"
00-0027651,"https://static.www.nfl.com/image/private/f_auto,q_auto/league/vawlifwslfzekg0e35ig"
00-0027654,"https://static.www.nfl.com/image/private/f_auto,q_auto/league/mrdtswjobu20gukdl2cp"
00-0027656,"https://static.www.nfl.com/image/private/f_auto,q_auto/league/svpo7chliiymc0r7hegp"
00-0027659,"https://static.www.nfl.com/image/private/f_auto,q_auto/league/n5lf1tlpkvtck2j24krd"
00-0027675,"https://static.www.nfl.com/image/private/f_auto,q_auto/league/qtxat8xwaclkqfkj5lrq"
00-0027681,"https://static.www.nfl.com/image/private/f_auto,q_auto/league/x4wifb5arw0neuwg1cch"
00-0027685,"https://static.www.nfl.com/image/private/f_auto,q_auto/league/potkibjtm855tsawozs0"
00-0027688,"https://static.www.nfl.com/image/private/f_auto,q_auto/league/jqdwuhtcovhdnqno0mhg"
00-0027690,"https://static.www.nfl.com/image/private/f_auto,q_auto/league/jg5ftnvxz4jdiajzeoyn"
00-0027691,"https://static.www.nfl.com/image/private/f_auto,q_auto/league/hjoyjewh7knoafxt4k93"
00-0027695,"https://static.www.nfl.com/image/private/f_auto,q_auto/league/xaljrbv8thyikf9ygeyt"
00-0027696,"https://static.www.nfl.com/image/private/f_auto,q_auto/league/h7xs06oj6g03mippwtse"
00-0027708,"https://static.www.nfl.com/image/private/f_auto,q_auto/league/lkfgdzlivzsgnbotnnpr"
00-0027714,"https://static.www.nfl.com/image/private/f_auto,q_auto/league/liu0pixlkbyftxesaq06"
00-0027718,"https://static.www.nfl.com/image/private/f_auto,q_auto/league/f1su4sbfwyp4xp2iy3jj"
00-0027725,"https://static.www.nfl.com/image/private/f_auto,q_auto/league/spuxscdmedvqosq5yrho"
00-0027732,"https://static.www.nfl.com/image/private/f_auto,q_auto/league/fgfwj67pbxmp1bpjm7ti"
00-0027753,"https://static.www.nfl.com/image/private/f_auto,q_auto/league/kzha0sj05e9x2gefmkjx"
00-0027758,"https://static.www.nfl.com/image/private/f_auto,q_auto/league/vpongpty2wm06bsmm7hb"
00-0027772,"https://static.www.nfl.com/image/private/f_auto,q_auto/league/lvbgbxspmjn0xo1kw8g9"
00-0027791,"https://static.www.nfl.com/image/private/f_auto,q_auto/league/ohxqulg4xjfmbbkkltqj"
00-0027793,"https://static.www.nfl.com/image/private/f_auto,q_auto/league/ecxsx9t7bfg42bgfwj3v"
00-0027796,"https://static.www.nfl.com/image/private/f_auto,q_auto/league/hjieero9ugbyu7n1629h"
00-0027816,"https://static.www.nfl.com/image/private/f_auto,q_auto/league/jdhln1ulusmjybwdha4k"
00-0027825,"https://static.www.nfl.com/image/private/f_auto,q_auto/league/p8pyujltnfdj3qnbh7yi"
00-0027854,"https://static.www.nfl.com/image/private/f_auto,q_auto/league/fizwrxzfdaw7v2vzzpn6"
00-0027861,"https://static.www.nfl.com/image/private/f_auto,q_auto/league/jqbnrdpq9c2nbchzntxt"
00-0027864,"https://static.www.nfl.com/image/private/f_auto,q_auto/league/mai5izn84cdrvxlkwagb"
00-0027873,"https://static.www.nfl.com/image/private/f_auto,q_auto/league/higvmot083ues41wbdgi"
00-0027874,"https://static.www.nfl.com/image/private/f_auto,q_auto/league/p1yjsqtqimjd6iazu3h9"
00-0027888,"https://static.www.nfl.com/image/private/f_auto,q_auto/league/pne2o7x8dw3cngbahihv"
00-0027891,"https://static.www.nfl.com/image/private/f_auto,q_auto/league/yfqebrp2o9t1gt1wqjku"
00-0027902,"https://static.www.nfl.com/image/private/f_auto,q_auto/league/gvepdqkr998dbgfawn7e"
00-0027905,"https://static.www.nfl.com/image/private/f_auto,q_auto/league/szb9kincx0nhxnwxxmcj"
00-0027917,"https://static.www.nfl.com/image/private/f_auto,q_auto/league/a1knpd9e7x4pxech8xhg"
00-0027918,"https://static.www.nfl.com/image/private/f_auto,q_auto/league/u8pdn7pvsmizedc80gto"
00-0027925,"https://static.www.nfl.com/image/private/f_auto,q_auto/league/ryhocvpml27otxnncc2h"
00-0027939,"https://static.www.nfl.com/image/private/f_auto,q_auto/league/zwmgw2gmnn2kch4nquft"
00-0027942,"https://static.www.nfl.com/image/private/f_auto,q_auto/league/guj5a9vnnzqfiljupzuj"
00-0027944,"https://static.www.nfl.com/image/upload/f_auto,q_auto/league/omrddf2phtyztzx2nup1"
00-0027948,"https://static.www.nfl.com/image/private/f_auto,q_auto/league/fphhd3wedamgkps6e0dl"
00-0027966,"https://static.www.nfl.com/image/private/f_auto,q_auto/league/qyju9wutyssrf0b26ran"
00-0027973,"https://static.www.nfl.com/image/upload/f_auto,q_auto/league/sfsneh0bn46e2kwve7sr"
00-0027974,"https://static.www.nfl.com/image/private/f_auto,q_auto/league/qgwfhbsrryni5fcxbl6a"
00-0027981,"https://static.www.nfl.com/image/private/f_auto,q_auto/league/mtvrkfel5750mlevcvtp"
00-0027985,"https://static.www.nfl.com/image/private/f_auto,q_auto/league/njjeo5udwowpbfnufl5l"
00-0027994,"https://static.www.nfl.com/image/private/f_auto,q_auto/league/grirsvo53nqb22jzb1zk"
00-0027996,"https://static.www.nfl.com/image/private/f_auto,q_auto/league/sqvbn4ybxagyfwva3i51"
00-0028002,"https://static.www.nfl.com/image/private/f_auto,q_auto/league/kuwo5hnkbtesfw6n9w1s"
00-0028007,"https://static.www.nfl.com/image/private/f_auto,q_auto/league/lnu7z4mvnadgcnppqbxz"
00-0028009,"https://static.www.nfl.com/image/private/f_auto,q_auto/league/lu4pqg7cvxbz7z4oormo"
00-0028011,"https://static.www.nfl.com/image/private/f_auto,q_auto/league/futdstbe48qaqcvtolzj"
00-0028012,"https://static.www.nfl.com/image/private/f_auto,q_auto/league/tvn03oot2ttdoog5x0qr"
00-0028017,"https://static.www.nfl.com/image/private/f_auto,q_auto/league/ljlxltvkllp2w1wr1o0t"
00-0028020,"https://static.www.nfl.com/image/private/f_auto,q_auto/league/oh5svrazghe5xnwz5jpw"
00-0028040,"https://static.www.nfl.com/image/private/f_auto,q_auto/league/oyhmlsxyzwbznmeqnf9i"
00-0028042,"https://static.www.nfl.com/image/private/f_auto,q_auto/league/keoilbfzupthtliuou1a"
00-0028043,"https://static.www.nfl.com/image/private/f_auto,q_auto/league/ahtlpumbpwlc7xm9ci9h"
00-0028050,"https://static.www.nfl.com/image/private/f_auto,q_auto/league/khz5y6n8bjartzhpz1pm"
00-0028052,"https://static.www.nfl.com/image/private/f_auto,q_auto/league/zdsyqinswn0k8664k9qs"
00-0028053,"https://static.www.nfl.com/image/private/f_auto,q_auto/league/m9tciwm7ffejuubhfh7n"
00-0028063,"https://static.www.nfl.com/image/private/f_auto,q_auto/league/va09vgfr7bdc2wb6ikq4"
00-0028064,"https://static.www.nfl.com/image/private/f_auto,q_auto/league/a5qlloemeetaqawzwuf7"
00-0028067,"https://static.www.nfl.com/image/private/f_auto,q_auto/league/ephrfopvlebj4fdcl67a"
00-0028074,"https://static.www.nfl.com/image/private/f_auto,q_auto/league/ue0kpbo7b9trtkeuhvjx"
00-0028083,"https://static.www.nfl.com/image/private/f_auto,q_auto/league/ztmescfueap5glplyf7w"
00-0028086,"https://static.www.nfl.com/image/private/f_auto,q_auto/league/sttop34l1fezi28ls4d9"
00-0028087,"https://static.www.nfl.com/image/private/f_auto,q_auto/league/mvv0a1lqk90dscqn8uuj"
00-0028090,"https://static.www.nfl.com/image/private/f_auto,q_auto/league/h8x0pbhc1s5dwjuzipsb"
00-0028091,"https://static.www.nfl.com/image/private/f_auto,q_auto/league/lsfc40maht2r3k0ctu1b"
00-0028093,"https://static.www.nfl.com/image/private/f_auto,q_auto/league/c2hufhhjyuitenxujhpz"
00-0028097,"https://static.www.nfl.com/image/private/f_auto,q_auto/league/gcaqwhzrinlqicrljwlr"
00-0028112,"https://static.www.nfl.com/image/private/f_auto,q_auto/league/gbfhfjn5cxtou5aazegt"
00-0028114,"https://static.www.nfl.com/image/private/f_auto,q_auto/league/cz34jefkstkm3mvjznvg"
00-0028116,"https://static.www.nfl.com/image/private/f_auto,q_auto/league/lzdmahvzc7tm4pulh2sj"
00-0028118,"https://static.www.nfl.com/image/upload/f_auto,q_auto/league/whpztm9akd7yefplp37r"
00-0028121,"https://static.www.nfl.com/image/private/f_auto,q_auto/league/lhoxroo20gf8a3mbiczr"
00-0028142,"https://static.www.nfl.com/image/private/f_auto,q_auto/league/ic5ifab8fb39m4e9el3n"
00-0028149,"https://static.www.nfl.com/image/private/f_auto,q_auto/league/xmxfgtmbvqxhpp3ldkwq"
00-0028198,"https://static.www.nfl.com/image/private/f_auto,q_auto/league/zrj90d9ej6ubrnpjbewn"
00-0028202,"https://static.www.nfl.com/image/private/f_auto,q_auto/league/bxkirs3zrup0djv8x2ns"
00-0028237,"https://static.www.nfl.com/image/private/f_auto,q_auto/league/fmpqnciwjqicsjzy63mc"
00-0028249,"https://static.www.nfl.com/image/private/f_auto,q_auto/league/r5cp8mxbvtn7tomfavni"
00-0028263,"https://static.www.nfl.com/image/private/f_auto,q_auto/league/ujb4sism9jdte3o8ofve"
00-0028409,"https://static.www.nfl.com/image/private/f_auto,q_auto/league/bm9b6aulywolcwjqjcpo"
00-0028411,"https://static.www.nfl.com/image/private/f_auto,q_auto/league/ankqlmlhk3orbiztqott"
00-0028434,"https://static.www.nfl.com/image/private/f_auto,q_auto/league/kccmcttfdtl7m3g49vb8"
00-0028442,"https://static.www.nfl.com/image/private/f_auto,q_auto/league/ndopq6pewcj9dfr27hlc"
00-0028497,"https://static.www.nfl.com/image/private/f_auto,q_auto/league/u0fe10u5kbeyhe65spby"
00-0028581,"https://static.www.nfl.com/image/private/f_auto,q_auto/league/aogfdoxrgi8kssdps73x"
00-0028595,"https://static.www.nfl.com/image/private/f_auto,q_auto/league/kt8ji3aejylpnpskeqzn"
00-0028702,"https://static.www.nfl.com/image/private/f_auto,q_auto/league/yhaaa3gyqbin9feahr0v"
00-0028795,"https://static.www.nfl.com/image/private/f_auto,q_auto/league/kmtfxfxdwsipikltab8t"
00-0028825,"https://static.www.nfl.com/image/private/f_auto,q_auto/league/ac6blk5o4ztsr7hvtil9"
00-0028838,"https://static.www.nfl.com/image/private/f_auto,q_auto/league/beuv1dnhzlntfnnvh2zv"
00-0028841,"https://static.www.nfl.com/image/private/f_auto,q_auto/league/zon7oejkgzgqyzcdhach"
00-0028903,"https://static.www.nfl.com/image/private/f_auto,q_auto/league/hin5nyuakhpbngjhepty"
00-0028905,"https://static.www.nfl.com/image/private/f_auto,q_auto/league/jt4c83h8nuz5einex0ya"
00-0028957,"https://static.www.nfl.com/image/private/f_auto,q_auto/league/wmquxjs1nuwferz7o9q2"
00-0028958,"https://static.www.nfl.com/image/private/f_auto,q_auto/league/qnxxlalj3rx8oueqjgsv"
00-0028986,"https://static.www.nfl.com/image/upload/f_auto,q_auto/league/weixhyzal4ntsyszyepu"
00-0028987,"https://static.www.nfl.com/image/private/f_auto,q_auto/league/wltyuqbgmkisakjqkua5"
00-0028994,"https://static.www.nfl.com/image/private/f_auto,q_auto/league/idkomraqkcnmkivkqjwk"
00-0029000,"https://static.www.nfl.com/image/private/f_auto,q_auto/league/y5r0fhwctl6ljwvmktvu"
00-0029004,"https://static.www.nfl.com/image/private/f_auto,q_auto/league/mwxzuvjfvoecnoze3aty"
00-0029006,"https://static.www.nfl.com/image/private/f_auto,q_auto/league/iu0lhei1kyagagdhf9zg"
00-0029033,"https://static.www.nfl.com/image/private/f_auto,q_auto/league/zx4nnnnmgl0kvguwpiuz"
00-0029048,"https://static.www.nfl.com/image/private/f_auto,q_auto/league/lfs1r2hsxdjmhp57mjvw"
00-0029068,"https://static.www.nfl.com/image/private/f_auto,q_auto/league/jmgzlxi6qlrvvyrzkuh2"
00-0029091,"https://static.www.nfl.com/image/private/f_auto,q_auto/league/ep1lqjgiwemsr9eenajg"
00-0029104,"https://static.www.nfl.com/image/private/f_auto,q_auto/league/ocfxpnrd4jkmyygi1ve0"
00-0029119,"https://static.www.nfl.com/image/private/f_auto,q_auto/league/fohbnjxhixammxtonhnd"
00-0029129,"https://static.www.nfl.com/image/private/f_auto,q_auto/league/szf4hqnrz6egphxvcwnf"
00-0029137,"https://static.www.nfl.com/image/private/f_auto,q_auto/league/qrbsgwhzlsmwgkdfjryh"
00-0029141,"https://static.www.nfl.com/image/private/f_auto,q_auto/league/igrm4hy4pishp4rdamin"
00-0029159,"https://static.www.nfl.com/image/private/f_auto,q_auto/league/z6wxyn3r1bdgc0u0mzr6"
00-0029205,"https://static.www.nfl.com/image/private/f_auto,q_auto/league/gj0pjzj0zzefpabtuki1"
00-0029234,"https://static.www.nfl.com/image/private/f_auto,q_auto/league/cgppx5hltvlebgm5ywor"
00-0029239,"https://static.www.nfl.com/image/private/f_auto,q_auto/league/kqqwz35z9brhkzbs4bcn"
00-0029260,"https://static.www.nfl.com/image/private/f_auto,q_auto/league/roxgufvnndlwl05chvur"
00-0029262,"https://static.www.nfl.com/image/private/f_auto,q_auto/league/qsjafvitrrheqq3uku9g"
00-0029263,"https://static.www.nfl.com/image/upload/f_auto,q_auto/league/vkstxj0evgkjiycu4glc"
00-0029264,"https://static.www.nfl.com/image/private/f_auto,q_auto/league/fpkdvnu4uzvwxhwaryzm"
00-0029269,"https://static.www.nfl.com/image/private/f_auto,q_auto/league/io9silocxbywvisvcvpx"
00-0029273,"https://static.www.nfl.com/image/private/f_auto,q_auto/league/vkqpomzfvo7kei1729jm"
00-0029275,"https://static.www.nfl.com/image/private/f_auto,q_auto/league/h6emukrr14tvhufmdy1c"
00-0029293,"https://static.www.nfl.com/image/private/f_auto,q_auto/league/ciy9sxefmcnwjw7ln3h2"
00-0029308,"https://static.www.nfl.com/image/private/f_auto,q_auto/league/rzqemrmztmtk9pbkuxoi"
00-0029319,"https://static.www.nfl.com/image/private/f_auto,q_auto/league/kgyz7lr35xl5j7oxjwlw"
00-0029336,"https://static.www.nfl.com/image/private/f_auto,q_auto/league/ccqjg5sjhxmgmsvraig5"
00-0029384,"https://static.www.nfl.com/image/private/f_auto,q_auto/league/vf2lmyxgjhrah1hfed1x"
00-0029388,"https://static.www.nfl.com/image/private/f_auto,q_auto/league/bvfgozqccoo627wuitkb"
00-0029391,"https://static.www.nfl.com/image/private/f_auto,q_auto/league/cuxa874rsldhqt5rver9"
00-0029394,"https://static.www.nfl.com/image/private/f_auto,q_auto/league/gjkirn3lffpdr7gn8ars"
00-0029414,"https://static.www.nfl.com/image/private/f_auto,q_auto/league/shbtvc2u3xznv47nzvm2"
00-0029415,"https://static.www.nfl.com/image/private/f_auto,q_auto/league/guf4yzrzgnpmx7uonpqs"
00-0029429,"https://static.www.nfl.com/image/private/f_auto,q_auto/league/sf0mz0q1kzqu2v3lmmsa"
00-0029435,"https://static.www.nfl.com/image/private/f_auto,q_auto/league/fbcf86kaohvtyvoz2t0y"
00-0029438,"https://static.www.nfl.com/image/private/f_auto,q_auto/league/yuwqhwdnbrd2ie34zxz8"
00-0029492,"https://static.www.nfl.com/image/private/f_auto,q_auto/league/dp7xdilrkk9f2i5ovne9"
00-0029510,"https://static.www.nfl.com/image/private/f_auto,q_auto/league/kzodfrw342cy91lw12n4"
00-0029531,"https://static.www.nfl.com/image/private/f_auto,q_auto/league/hkcspynbhidpjfs3npao"
00-0029534,"https://static.www.nfl.com/image/private/f_auto,q_auto/league/qwcm0hofeezyv0fr1wbf"
00-0029567,"https://static.www.nfl.com/image/private/f_auto,q_auto/league/dxuz2ir773wylutxo7zs"
00-0029572,"https://static.www.nfl.com/image/private/f_auto,q_auto/league/f4xgfra44cd6qjy6havp"
00-0029580,"https://static.www.nfl.com/image/private/f_auto,q_auto/league/fr7nzgwarzuorvi8cvlc"
00-0029587,"https://static.www.nfl.com/image/private/f_auto,q_auto/league/pqvmhpdoritjtp8ng7ep"
00-0029588,"https://static.www.nfl.com/image/private/f_auto,q_auto/league/vdxm5ggdcokhzn1yfnza"
00-0029601,"https://static.www.nfl.com/image/private/f_auto,q_auto/league/eazsm9q05wcs2st2dsht"
00-0029604,"https://static.www.nfl.com/image/upload/f_auto,q_auto/league/za7cynvpwlsro1tsaijk"
00-0029608,"https://static.www.nfl.com/image/private/f_auto,q_auto/league/b8kor0sgeynyd8u8cush"
00-0029612,"https://static.www.nfl.com/image/private/f_auto,q_auto/league/taqrenf1eqcvd1nibre5"
00-0029613,"https://static.www.nfl.com/image/private/f_auto,q_auto/league/lhazttk4tjpi7ggf7du4"
00-0029614,"https://static.www.nfl.com/image/private/f_auto,q_auto/league/crnbi2k4ju3dnvyftpau"
00-0029615,"https://static.www.nfl.com/image/private/f_auto,q_auto/league/vqxh6ynpmczzfyl9kcgq"
00-0029619,"https://static.www.nfl.com/image/private/f_auto,q_auto/league/fru99ajpyfcvy4hrigtx"
00-0029623,"https://static.www.nfl.com/image/private/f_auto,q_auto/league/tqipcy0hxt88hpkpbhoz"
00-0029626,"https://static.www.nfl.com/image/private/f_auto,q_auto/league/m8timwkljalmp27akxyx"
00-0029632,"https://static.www.nfl.com/image/private/f_auto,q_auto/league/a6loroqhta6g65aqnsrk"
00-0029634,"https://static.www.nfl.com/image/private/f_auto,q_auto/league/rtnxe02klclu847zqbdq"
00-0029638,"https://static.www.nfl.com/image/private/f_auto,q_auto/league/lisxjuyoo7hiux1ac4jb"
00-0029640,"https://static.www.nfl.com/image/private/f_auto,q_auto/league/tayczwuhluj2hyrva3cp"
00-0029660,"https://static.www.nfl.com/image/private/f_auto,q_auto/league/wlgjczfjbekzvbjmgtzc"
00-0029664,"https://static.www.nfl.com/image/private/f_auto,q_auto/league/wwqz2ujrj7wp86tyaxof"
00-0029665,"https://static.www.nfl.com/image/private/f_auto,q_auto/league/k7asgb06pdsilmrb378b"
00-0029668,"https://static.www.nfl.com/image/private/f_auto,q_auto/league/ojix2ha2u58zqozaw756"
00-0029677,"https://static.www.nfl.com/image/private/f_auto,q_auto/league/m8oocp4p9nskilnakgnw"
00-0029682,"https://static.www.nfl.com/image/private/f_auto,q_auto/league/pwkmtgeitdi79qtumb2x"
00-0029683,"https://static.www.nfl.com/image/private/f_auto,q_auto/league/quqwvjr2zciit0emquzg"
00-0029689,"https://static.www.nfl.com/image/private/f_auto,q_auto/league/wduwt0ibzoutozuywe4b"
00-0029697,"https://static.www.nfl.com/image/private/f_auto,q_auto/league/csj8khi0e2rpkvqqjmc1"
00-0029701,"https://static.www.nfl.com/image/private/f_auto,q_auto/league/yvwju12dl6haf3r8uzrm"
00-0029708,"https://static.www.nfl.com/image/private/f_auto,q_auto/league/edsrjypqphqpfqezc5k9"
00-0029729,"https://static.www.nfl.com/image/private/f_auto,q_auto/league/se6aqbzkyvpmtcr46bwz"
00-0029731,"https://static.www.nfl.com/image/private/f_auto,q_auto/league/lyk6elzqjynnxbxe6qlr"
00-0029738,"https://static.www.nfl.com/image/private/f_auto,q_auto/league/eh0rbweg4wbzgzpvprnv"
00-0029740,"https://static.www.nfl.com/image/private/f_auto,q_auto/league/fy1rhydnhklwwof45gm9"
00-0029755,"https://static.www.nfl.com/image/private/f_auto,q_auto/league/y3hzkmu0wiquabihuunn"
00-0029793,"https://static.www.nfl.com/image/private/f_auto,q_auto/league/ozqjjoxr1sukcx2207hd"
00-0029795,"https://static.www.nfl.com/image/private/f_auto,q_auto/league/yo9hvf3gnoxj7prmruo8"
00-0029848,"https://static.www.nfl.com/image/private/f_auto,q_auto/league/xzbqirh5sxfjtmmnrupw"
00-0029854,"https://static.www.nfl.com/image/private/f_auto,q_auto/league/jqqdxuowpdgl06zy0g0a"
00-0029857,"https://static.www.nfl.com/image/private/f_auto,q_auto/league/mpwu7c3o2lkxwqn1gras"
00-0029878,"https://static.www.nfl.com/image/private/f_auto,q_auto/league/pbuxaz8hy9fxow3zq5sr"
00-0029892,"https://static.www.nfl.com/image/upload/f_auto,q_auto/league/tsejiiddtouukwyyqr9q"
00-0029910,"https://static.www.nfl.com/image/private/f_auto,q_auto/league/wydzzhwo9is11uqaeffj"
00-0029931,"https://static.www.nfl.com/image/private/f_auto,q_auto/league/dddfiilg9qy54xtorb6r"
00-0030000,"https://static.www.nfl.com/image/private/f_auto,q_auto/league/coyaltbvkpvvojjd5sjh"
00-0030035,"https://static.www.nfl.com/image/upload/f_auto,q_auto/league/pv6gajxtt6zhum2unnsl"
00-0030039,"https://static.www.nfl.com/image/private/f_auto,q_auto/league/qkc1hxjeamlc1v1hgtcm"
00-0030047,"https://static.www.nfl.com/image/private/f_auto,q_auto/league/gtmp1bvlbgxnadkq3w7e"
00-0030049,"https://static.www.nfl.com/image/private/f_auto,q_auto/league/wljmssrm2nmd3y4pbejd"
00-0030061,"https://static.www.nfl.com/image/upload/f_auto,q_auto/league/xktmmeumuoglbuam75iz"
00-0030068,"https://static.www.nfl.com/image/upload/f_auto,q_auto/league/cof5bbih1o9dtnonwmjp"
00-0030085,"https://static.www.nfl.com/image/private/f_auto,q_auto/league/wswn6tehkzj8mdfbablx"
00-0030089,"https://static.www.nfl.com/image/private/f_auto,q_auto/league/a6zcpjyfusebcm8i3w2w"
00-0030091,"https://static.www.nfl.com/image/private/f_auto,q_auto/league/yfkwzczsoeihruafz1kg"
00-0030095,"https://static.www.nfl.com/image/private/f_auto,q_auto/league/omxsxhwznxnay3ynkjph"
00-0030107,"https://static.www.nfl.com/image/private/f_auto,q_auto/league/ecbes59ifblsloiqtxq5"
00-0030108,"https://static.www.nfl.com/image/private/f_auto,q_auto/league/izjfxtmk2dhzhrlwpt9g"
00-0030110,"https://static.www.nfl.com/image/private/f_auto,q_auto/league/ozmy8cykkhdsxad0854a"
00-0030112,"https://static.www.nfl.com/image/private/f_auto,q_auto/league/lmoesdqqzu6v8rmnyqlk"
00-0030113,"https://static.www.nfl.com/image/private/f_auto,q_auto/league/g9xhdanrpvnxwrqhran5"
00-0030117,"https://static.www.nfl.com/image/private/f_auto,q_auto/league/g8b72moacoymckyvl0ig"
00-0030120,"https://static.www.nfl.com/image/private/f_auto,q_auto/league/hgb4nlos0ngzdfbbnxeo"
00-0030147,"https://static.www.nfl.com/image/private/f_auto,q_auto/league/gk2saq7m1jxl90g9slks"
00-0030151,"https://static.www.nfl.com/image/private/f_auto,q_auto/league/hlzuryxbamsj6di3q6ps"
00-0030154,"https://static.www.nfl.com/image/private/f_auto,q_auto/league/ltfmkyja5eaw30hmnw9w"
00-0030155,"https://static.www.nfl.com/image/private/f_auto,q_auto/league/nlajcnjlosuajmqswxvl"
00-0030162,"https://static.www.nfl.com/image/private/f_auto,q_auto/league/fssupejvjin6bb0pudok"
00-0030181,"https://static.www.nfl.com/image/private/f_auto,q_auto/league/h6abyvmg2g93llboizi6"
00-0030187,"https://static.www.nfl.com/image/private/f_auto,q_auto/league/fp2xocefywdhxkdnagxm"
00-0030216,"https://static.www.nfl.com/image/private/f_auto,q_auto/league/knah0tszz2eg7plftej6"
00-0030247,"https://static.www.nfl.com/image/private/f_auto,q_auto/league/bpqkhgre4v8qec7nnrov"
00-0030248,"https://static.www.nfl.com/image/private/f_auto,q_auto/league/m3yfsak9gf6s9ioab39h"
00-0030272,"https://static.www.nfl.com/image/private/f_auto,q_auto/league/sjlionnvt0ghmgmxpng8"
00-0030274,"https://static.www.nfl.com/image/private/f_auto,q_auto/league/yci9mc5ska3b3a5so93l"
00-0030279,"https://static.www.nfl.com/image/upload/f_auto,q_auto/league/ri267r6lzfwarh89hsn6"
00-0030280,"https://static.www.nfl.com/image/private/f_auto,q_auto/league/iyq9jy1o5g05fdvqftez"
00-0030282,"https://static.www.nfl.com/image/private/f_auto,q_auto/league/lmm9nz05jrntbpuaveqc"
00-0030287,"https://static.www.nfl.com/image/private/f_auto,q_auto/league/seb6k3tjdcgi8tqmzt2z"
00-0030288,"https://static.www.nfl.com/image/private/f_auto,q_auto/league/ysgdnkasvp07qmrkasve"
00-0030290,"https://static.www.nfl.com/image/private/f_auto,q_auto/league/fslk4pbx1mtdjdl5zk9g"
00-0030300,"https://static.www.nfl.com/image/private/f_auto,q_auto/league/y41u4egwigms9rg2p3ln"
00-0030348,"https://static.www.nfl.com/image/private/f_auto,q_auto/league/voprwcuquojlvepcmzmh"
00-0030388,"https://static.www.nfl.com/image/private/f_auto,q_auto/league/ok4rzlin9g6kxfr9lajx"
00-0030391,"https://static.www.nfl.com/image/private/f_auto,q_auto/league/wurn2arjq72gyjcyzgo9"
00-0030400,"https://static.www.nfl.com/image/private/f_auto,q_auto/league/zdfywwd0yvsd6okfa5sr"
00-0030404,"https://static.www.nfl.com/image/private/f_auto,q_auto/league/ypyldro2efcy5jcrytft"
00-0030414,"https://static.www.nfl.com/image/private/f_auto,q_auto/league/qr04afpcu3fqpgxnws6t"
00-0030419,"https://static.www.nfl.com/image/private/f_auto,q_auto/league/zwrox2g1yauaa1csdhrw"
00-0030422,"https://static.www.nfl.com/image/private/f_auto,q_auto/league/gvok1agdl3xtz9nceqfr"
00-0030431,"https://static.www.nfl.com/image/upload/f_auto,q_auto/league/ydjg5fylwkf5aaxiul6v"
00-0030432,"https://static.www.nfl.com/image/private/f_auto,q_auto/league/qlysbozgkexeoohnqrvz"
00-0030433,"https://static.www.nfl.com/image/private/f_auto,q_auto/league/bz85uuhwz2daip0avjrg"
00-0030443,"https://static.www.nfl.com/image/private/f_auto,q_auto/league/w6qnlfw0cuxest48srd0"
00-0030450,"https://static.www.nfl.com/image/private/f_auto,q_auto/league/hwdogfyrne2gy9lzymlh"
00-0030456,"https://static.www.nfl.com/image/private/f_auto,q_auto/league/guht9y14gftgsugb87xz"
00-0030460,"https://static.www.nfl.com/image/private/f_auto,q_auto/league/hd28smxn43jzwkdikpd0"
00-0030465,"https://static.www.nfl.com/image/private/f_auto,q_auto/league/n8hvbyw7vdlj7svjwqg4"
00-0030470,"https://static.www.nfl.com/image/private/f_auto,q_auto/league/apafzol1dcqu56cqotv9"
00-0030472,"https://static.www.nfl.com/image/private/f_auto,q_auto/league/jur0qgejd3lzv8flmxcq"
00-0030485,"https://static.www.nfl.com/image/private/f_auto,q_auto/league/ckn4luxcj2oc2c24fh7i"
00-0030496,"https://static.www.nfl.com/image/private/f_auto,q_auto/league/sm3ij3pcby5ciqwaaqa1"
00-0030506,"https://static.www.nfl.com/image/upload/f_auto,q_auto/league/dpxovcfku6ud2aohgf6a"
00-0030513,"https://static.www.nfl.com/image/private/f_auto,q_auto/league/zepm7ghltyeqydn0qxcg"
00-0030514,"https://static.www.nfl.com/image/private/f_auto,q_auto/league/nnbvmfg9qugawrxv2qyt"
00-0030516,"https://static.www.nfl.com/image/private/f_auto,q_auto/league/xnr2lcdlhui4vyu6z4ir"
00-0030520,"https://static.www.nfl.com/image/private/f_auto,q_auto/league/mubobrjbeudtezxv0t0p"
00-0030521,"https://static.www.nfl.com/image/private/f_auto,q_auto/league/jwfx9spolez2cofb3kvq"
00-0030524,"https://static.www.nfl.com/image/private/f_auto,q_auto/league/rxewfnskdqvfmsui48ta"
00-0030525,"https://static.www.nfl.com/image/private/f_auto,q_auto/league/ulagxqgjnrft4wub0gus"
00-0030526,"https://static.www.nfl.com/image/private/f_auto,q_auto/league/day0kzescuwievdhlacd"
00-0030532,"https://static.www.nfl.com/image/private/f_auto,q_auto/league/ms0eoj89otvarobbw14r"
00-0030533,"https://static.www.nfl.com/image/private/f_auto,q_auto/league/ejvscebj0ufugx5vrouq"
00-0030536,"https://static.www.nfl.com/image/private/f_auto,q_auto/league/oo0cmp2wjrwqz3arii0f"
00-0030540,"https://static.www.nfl.com/image/private/f_auto,q_auto/league/es1l8zn20xgfxqh8ophi"
00-0030542,"https://static.www.nfl.com/image/private/f_auto,q_auto/league/emdrh1uwgitgnw1wytiv"
00-0030544,"https://static.www.nfl.com/image/private/f_auto,q_auto/league/zpne5eocfe1wlkabs4gq"
00-0030547,"https://static.www.nfl.com/image/private/f_auto,q_auto/league/qxucqizbxstsxgtv0jpn"
00-0030549,"https://static.www.nfl.com/image/private/f_auto,q_auto/league/nibaefmxxjry7zca415v"
00-0030564,"https://static.www.nfl.com/image/upload/f_auto,q_auto/league/snvo6holyfdjmrlqxqxu"
00-0030565,"https://static.www.nfl.com/image/upload/f_auto,q_auto/league/zppfqqcyjfma14jjif3a"
00-0030569,"https://static.www.nfl.com/image/private/f_auto,q_auto/league/em0dfm6g2ozrhjejiaet"
00-0030578,"https://static.www.nfl.com/image/upload/f_auto,q_auto/league/jktdrwmujfuqp94csnav"
00-0030586,"https://static.www.nfl.com/image/private/f_auto,q_auto/league/mwpobkoqx8dcyv4yin6n"
00-0030656,"https://static.www.nfl.com/image/private/f_auto,q_auto/league/oruiw5myfimtssv6j2ar"
00-0030659,"https://static.www.nfl.com/image/private/f_auto,q_auto/league/jpjdauvc3yrbu6pots6o"
00-0030663,"https://static.www.nfl.com/image/private/f_auto,q_auto/league/fr5xckiwhguuaishnbju"
00-0030668,"https://static.www.nfl.com/image/private/f_auto,q_auto/league/ccvw7oos9bzr4ojdiuac"
00-0030669,"https://static.www.nfl.com/image/private/f_auto,q_auto/league/slythouwdcrug0poiios"
00-0030670,"https://static.www.nfl.com/image/private/f_auto,q_auto/league/d3jxciybumul74f3kdnb"
00-0030671,"https://static.www.nfl.com/image/private/f_auto,q_auto/league/bjzajklr8jusc5v60vzl"
00-0030691,"https://static.www.nfl.com/image/private/f_auto,q_auto/league/jjbnpsdo2knl6c710ix3"
00-0030705,"https://static.www.nfl.com/image/private/f_auto,q_auto/league/x1gerktg0cgy6em36vgl"
00-0030710,"https://static.www.nfl.com/image/private/f_auto,q_auto/league/e6bbycxlctitztfk7jjl"
00-0030711,"https://static.www.nfl.com/image/private/f_auto,q_auto/league/hw3jqryjpuw3hhackwsm"
00-0030737,"https://static.www.nfl.com/image/private/f_auto,q_auto/league/ztiguqllxmcbjynsqwn9"
00-0030741,"https://static.www.nfl.com/image/private/f_auto,q_auto/league/nbgza3wv2fhteuttybxv"
00-0030743,"https://static.www.nfl.com/image/private/f_auto,q_auto/league/k7eh7jzkdhobq4ziac2r"
00-0030758,"https://static.www.nfl.com/image/private/f_auto,q_auto/league/x77gb65oifhzg1yorphy"
00-0030780,"https://static.www.nfl.com/image/private/f_auto,q_auto/league/egbpiaml7idnpcxa1x8q"
00-0030785,"https://static.www.nfl.com/image/private/f_auto,q_auto/league/ngxayaqtynpcdpjriezu"
00-0030789,"https://static.www.nfl.com/image/private/f_auto,q_auto/league/wwy4g14dflaelkretfzv"
00-0030801,"https://static.www.nfl.com/image/private/f_auto,q_auto/league/mudu6l15nmg2cfvljd0d"
00-0030805,"https://static.www.nfl.com/image/private/f_auto,q_auto/league/dcfsyc5n4pyryy9sftny"
00-0030806,"https://static.www.nfl.com/image/private/f_auto,q_auto/league/sopcngs3axoc0ctb6tpg"
00-0030807,"https://static.www.nfl.com/image/private/f_auto,q_auto/league/xmrq2zoqm6r6nwco8ajd"
00-0030821,"https://static.www.nfl.com/image/private/f_auto,q_auto/league/ficrwzwu4bfswpzu61fv"
00-0030832,"https://static.www.nfl.com/image/private/f_auto,q_auto/league/jla4z1dsbqt6t2khi1t1"
00-0030854,"https://static.www.nfl.com/image/private/f_auto,q_auto/league/lgucz1buzapjyv92e7tj"
00-0030855,"https://static.www.nfl.com/image/private/f_auto,q_auto/league/d2zoqlarp9qvyvlmcxih"
00-0030856,"https://static.www.nfl.com/image/private/f_auto,q_auto/league/v7m1hggbznecn6xkqoac"
00-0030860,"https://static.www.nfl.com/image/private/f_auto,q_auto/league/tumagun0uid3uujm4kkg"
00-0030874,"https://static.www.nfl.com/image/private/f_auto,q_auto/league/ga4vusnfwfvhp2ksqw7x"
00-0030920,"https://static.www.nfl.com/image/private/f_auto,q_auto/league/ocgpnvzggzfmcsvupii1"
00-0030968,"https://static.www.nfl.com/image/private/f_auto,q_auto/league/jolwasweebgk37nkl7ia"
00-0030990,"https://static.www.nfl.com/image/private/f_auto,q_auto/league/fbihlh4lbx3xco7v75yg"
00-0030992,"https://static.www.nfl.com/image/private/f_auto,q_auto/league/wdnss99dxs771hd8ifpn"
00-0031001,"https://static.www.nfl.com/image/private/f_auto,q_auto/league/fldhv9nvnmafss3r9tn2"
00-0031021,"https://static.www.nfl.com/image/private/f_auto,q_auto/league/p5gqmcyci9youm2r6oeb"
00-0031023,"https://static.www.nfl.com/image/private/f_auto,q_auto/league/vsd27gfxzjt7v7izbjet"
00-0031025,"https://static.www.nfl.com/image/private/f_auto,q_auto/league/zpr9fkukakcfyfefypf7"
00-0031035,"https://static.www.nfl.com/image/private/f_auto,q_auto/league/xkcmvxlyiei2kaj5x9yp"
00-0031042,"https://static.www.nfl.com/image/private/f_auto,q_auto/league/i68ljijl5jzg6tg8755p"
00-0031044,"https://static.www.nfl.com/image/private/f_auto,q_auto/league/cfkufqkxuqf9htsyqfxj"
00-0031045,"https://static.www.nfl.com/image/private/f_auto,q_auto/league/qpmv42ldpkpdf1gpgeua"
00-0031051,"https://static.www.nfl.com/image/private/f_auto,q_auto/league/xwyc2a0qfdxbbct6lso6"
00-0031055,"https://static.www.nfl.com/image/private/f_auto,q_auto/league/bkjjrp3sdtq2ubuzywyd"
00-0031057,"https://static.www.nfl.com/image/private/f_auto,q_auto/league/hxertoawlphk8ljtylct"
00-0031060,"https://static.www.nfl.com/image/private/f_auto,q_auto/league/ubevvtu8f1snobsxnnwl"
00-0031062,"https://static.www.nfl.com/image/private/f_auto,q_auto/league/z1nnkmnstccnqya5d5ee"
00-0031064,"https://static.www.nfl.com/image/private/f_auto,q_auto/league/ovqvn8ei0thwn7si83n8"
00-0031066,"https://static.www.nfl.com/image/private/f_auto,q_auto/league/kuwhpbnxob4eht6fndqh"
00-0031068,"https://static.www.nfl.com/image/private/f_auto,q_auto/league/im7fnk7uti759btkrdok"
00-0031075,"https://static.www.nfl.com/image/private/f_auto,q_auto/league/qt9zmmipmlcin4gxs8wt"
00-0031076,"https://static.www.nfl.com/image/private/f_auto,q_auto/league/ia2suxqu26medpwikspy"
00-0031085,"https://static.www.nfl.com/image/private/f_auto,q_auto/league/qfxm205gqvzzpy0z2oyw"
00-0031102,"https://static.www.nfl.com/image/private/f_auto,q_auto/league/yvqplagyljhiso4imgiq"
00-0031118,"https://static.www.nfl.com/image/private/f_auto,q_auto/league/lgk5rlkpxd0vw28nhrrq"
00-0031158,"https://static.www.nfl.com/image/private/f_auto,q_auto/league/udjcw8aaomkitgbqjacq"
00-0031166,"https://static.www.nfl.com/image/private/f_auto,q_auto/league/prjzalxpmdpcfjequfe4"
00-0031167,"https://static.www.nfl.com/image/private/f_auto,q_auto/league/cocieog4hemdjlipo1qh"
00-0031189,"https://static.www.nfl.com/image/private/f_auto,q_auto/league/fqv9h42uxtxjl7jjs2dt"
00-0031209,"https://static.www.nfl.com/image/private/f_auto,q_auto/league/tzgedpivxkxwvp7yha3e"
00-0031228,"https://static.www.nfl.com/image/private/f_auto,q_auto/league/nc4aoax8j5mnnrjewu7p"
00-0031235,"https://static.www.nfl.com/image/upload/f_auto,q_auto/league/ffmalg3wr7lwnsz59i7v"
00-0031236,"https://static.www.nfl.com/image/upload/f_auto,q_auto/league/krz3gv9jjs92arlctvqf"
00-0031237,"https://static.www.nfl.com/image/upload/f_auto,q_auto/league/wggyfg1dgyiwcgxafoen"
00-0031257,"https://static.www.nfl.com/image/private/f_auto,q_auto/league/jxsldwomavxfbs7gueqt"
00-0031260,"https://static.www.nfl.com/image/private/f_auto,q_auto/league/acm0ymhqdzqxdibwjphv"
00-0031266,"https://static.www.nfl.com/image/private/f_auto,q_auto/league/gzgmz3e71dbcvitge8gs"
00-0031268,"https://static.www.nfl.com/image/private/f_auto,q_auto/league/va4atmsx7cdryh9lchty"
00-0031273,"https://static.www.nfl.com/image/private/f_auto,q_auto/league/jhioqec65qy4z7s6w9a6"
00-0031277,"https://static.www.nfl.com/image/private/f_auto,q_auto/league/wuvcmhjtwgqanezt6f79"
00-0031280,"https://static.www.nfl.com/image/upload/f_auto,q_auto/league/qsz1pyrlu6bmvby6maaf"
00-0031285,"https://static.www.nfl.com/image/private/f_auto,q_auto/league/vjhvfwypu1byxfo2uvki"
00-0031288,"https://static.www.nfl.com/image/private/f_auto,q_auto/league/fvakqnmsg35llkcme11h"
00-0031291,"https://static.www.nfl.com/image/private/f_auto,q_auto/league/n4ultyvj4gsjijuq5qo4"
00-0031299,"https://static.www.nfl.com/image/upload/f_auto,q_auto/league/b9rddikwsnwmfh9girgn"
00-0031301,"https://static.www.nfl.com/image/private/f_auto,q_auto/league/rafvidcbp023aupumccx"
00-0031302,"https://static.www.nfl.com/image/private/f_auto,q_auto/league/syuzjdnhzquetrf9jqvp"
00-0031310,"https://static.www.nfl.com/image/private/f_auto,q_auto/league/y2xezm37npdrqvgrhuga"
00-0031315,"https://static.www.nfl.com/image/private/f_auto,q_auto/league/ijcfzgvm0l5cmtleaejy"
00-0031319,"https://static.www.nfl.com/image/private/f_auto,q_auto/league/lf3axvxomg2ktozc1rei"
00-0031320,"https://static.www.nfl.com/image/private/f_auto,q_auto/league/t2cjw2011rqywu814vcf"
00-0031325,"https://static.www.nfl.com/image/private/f_auto,q_auto/league/nkqk4ac4uncxocqlgp2k"
00-0031326,"https://static.www.nfl.com/image/private/f_auto,q_auto/league/qqlup3kfumh2ifrixmfn"
00-0031327,"https://static.www.nfl.com/image/private/f_auto,q_auto/league/l7maq8et7k8xcudhevwp"
00-0031332,"https://static.www.nfl.com/image/private/f_auto,q_auto/league/rckiakioqzv7cjqaeg1d"
00-0031339,"https://static.www.nfl.com/image/private/f_auto,q_auto/league/f7p1ufvbhedqf96d0i0r"
00-0031344,"https://static.www.nfl.com/image/private/f_auto,q_auto/league/whgchcrp9pqx0waocewu"
00-0031345,"https://static.www.nfl.com/image/upload/f_auto,q_auto/league/ivz3zwvjxvgcu4dzabur"
00-0031359,"https://static.www.nfl.com/image/private/f_auto,q_auto/league/ot2sowoc2g6ecza4z6ye"
00-0031373,"https://static.www.nfl.com/image/private/f_auto,q_auto/league/davxza3iibzg7aw6c5jm"
00-0031375,"https://static.www.nfl.com/image/private/f_auto,q_auto/league/vzmf3p3k4ywfa5vjn9za"
00-0031376,"https://static.www.nfl.com/image/private/f_auto,q_auto/league/yezxe2j778cndbhkxwez"
00-0031381,"https://static.www.nfl.com/image/upload/f_auto,q_auto/league/tdzluk4xau3arxqk9zsl"
00-0031382,"https://static.www.nfl.com/image/private/f_auto,q_auto/league/w2q9uwsjvgadwyvnvopb"
00-0031384,"https://static.www.nfl.com/image/private/f_auto,q_auto/league/l9zei9dkcmbml3q1nshk"
00-0031387,"https://static.www.nfl.com/image/private/f_auto,q_auto/league/uaxsxymncppase7ihczd"
00-0031390,"https://static.www.nfl.com/image/private/f_auto,q_auto/league/w1yff81pb8rfp9sytx5l"
00-0031391,"https://static.www.nfl.com/image/private/f_auto,q_auto/league/cw8firtuyeicpwskyqfz"
00-0031392,"https://static.www.nfl.com/image/private/f_auto,q_auto/league/gcvdndgayu8it5mzvs4d"
00-0031395,"https://static.www.nfl.com/image/private/f_auto,q_auto/league/tqn0pjemxn7hoze93kwa"
00-0031407,"https://static.www.nfl.com/image/private/f_auto,q_auto/league/jvoui3bptgsfvgkz5e1b"
00-0031408,"https://static.www.nfl.com/image/upload/f_auto,q_auto/league/zc4ujpmndyxrbiyyjomz"
00-0031409,"https://static.www.nfl.com/image/private/f_auto,q_auto/league/a0ql3eziqinxvo0szfhk"
00-0031413,"https://static.www.nfl.com/image/private/f_auto,q_auto/league/igga9u3pw5h2rlcgs80c"
00-0031418,"https://static.www.nfl.com/image/private/f_auto,q_auto/league/mvuoyejl5hzfzrkfezuj"
00-0031428,"https://static.www.nfl.com/image/upload/f_auto,q_auto/league/fyukft9lraurbsq0laom"
00-0031431,"https://static.www.nfl.com/image/private/f_auto,q_auto/league/drsesqqzwhkilsx51j4i"
00-0031459,"https://static.www.nfl.com/image/private/f_auto,q_auto/league/hiwtcqx6qtcgtwejlc59"
00-0031462,"https://static.www.nfl.com/image/private/f_auto,q_auto/league/hmszkqofxzqzxqbuawhq"
00-0031484,"https://static.www.nfl.com/image/upload/f_auto,q_auto/league/bw0kytk1nwrdln9t3wzg"
00-0031493,"https://static.www.nfl.com/image/private/f_auto,q_auto/league/u9zzumwdvyds5dwkvyp2"
00-0031503,"https://static.www.nfl.com/image/upload/f_auto,q_auto/league/e5qyxnibbyawi0pvfpjl"
00-0031511,"https://static.www.nfl.com/image/private/f_auto,q_auto/league/aw9z36nr5wirjrnfxd7v"
00-0031514,"https://static.www.nfl.com/image/private/f_auto,q_auto/league/fcec31w4bvadspls5tcj"
00-0031526,"https://static.www.nfl.com/image/private/f_auto,q_auto/league/p0iora9terrvucx0qpax"
00-0031531,"https://static.www.nfl.com/image/private/f_auto,q_auto/league/hfiivtppnjghesffnpbc"
00-0031533,"https://static.www.nfl.com/image/private/f_auto,q_auto/league/v7yzppdggxmmffsoiuoa"
00-0031544,"https://static.www.nfl.com/image/upload/f_auto,q_auto/league/zmtzqznqui37unmo5xv9"
00-0031545,"https://static.www.nfl.com/image/private/f_auto,q_auto/league/u6jclvrydlw6amytmylq"
00-0031547,"https://static.www.nfl.com/image/private/f_auto,q_auto/league/beuyfjou6kckaoqqpa96"
00-0031549,"https://static.www.nfl.com/image/upload/f_auto,q_auto/league/wyxfkarcjgqdz3pl8nnr"
00-0031558,"https://static.www.nfl.com/image/private/f_auto,q_auto/league/p0j7ax3rqhrzn5nvmc06"
00-0031560,"https://static.www.nfl.com/image/private/f_auto,q_auto/league/eakjj5fee8ctysjrqhxj"
00-0031568,"https://static.www.nfl.com/image/private/f_auto,q_auto/league/ptb0vcf2vqqittc5qown"
00-0031569,"https://static.www.nfl.com/image/private/f_auto,q_auto/league/ezohep8ggqmwfa1eqy4m"
00-0031570,"https://static.www.nfl.com/image/private/f_auto,q_auto/league/bf30pn7pqvdiof0zb6a0"
00-0031577,"https://static.www.nfl.com/image/private/f_auto,q_auto/league/jguqo1kwlkfamf537de0"
00-0031585,"https://static.www.nfl.com/image/upload/f_auto,q_auto/league/jazo8egu5luwyxxcpjh8"
00-0031588,"https://static.www.nfl.com/image/upload/f_auto,q_auto/league/cemcexmscsarpvwhafln"
00-0031589,"https://static.www.nfl.com/image/private/f_auto,q_auto/league/lgplktjykzjrnjsn9x8y"
00-0031590,"https://static.www.nfl.com/image/private/f_auto,q_auto/league/bt0drbhvsjykf2xxvskx"
00-0031595,"https://static.www.nfl.com/image/upload/f_auto,q_auto/league/ibyeabk3yu68mgipxklr"
00-0031598,"https://static.www.nfl.com/image/private/f_auto,q_auto/league/emqvoudb71kgmkfphmuw"
00-0031599,"https://static.www.nfl.com/image/private/f_auto,q_auto/league/vaeghufm3dkzmsjhb8hg"
00-0031600,"https://static.www.nfl.com/image/private/f_auto,q_auto/league/r7msfhceki7lwazsxxov"
00-0031609,"https://static.www.nfl.com/image/private/f_auto,q_auto/league/c2bqxdpyb4kn75l4qj1c"
00-0031610,"https://static.www.nfl.com/image/upload/f_auto,q_auto/league/loyehiyzcu2lexjk7plq"
00-0031611,"https://static.www.nfl.com/image/private/f_auto,q_auto/league/nsyyo0xqwswxkzgirn9k"
00-0031612,"https://static.www.nfl.com/image/private/f_auto,q_auto/league/aln8oo1hxammcilgzi72"
00-0031665,"https://static.www.nfl.com/image/private/f_auto,q_auto/league/deiznogchpv1vbrmyuax"
00-0031682,"https://static.www.nfl.com/image/private/f_auto,q_auto/league/wcq3c0qgpkzoegi0yn6w"
00-0031684,"https://static.www.nfl.com/image/private/f_auto,q_auto/league/mtrj08jeeyphqhdt1jek"
00-0031687,"https://static.www.nfl.com/image/upload/f_auto,q_auto/league/fas5rkweusx2hl7abtzh"
00-0031690,"https://static.www.nfl.com/image/upload/f_auto,q_auto/league/i2n4shhc4sprxbsbhfcy"
00-0031697,"https://static.www.nfl.com/image/private/f_auto,q_auto/league/exe8hkn8d13tthubzz5s"
00-0031706,"https://static.www.nfl.com/image/private/f_auto,q_auto/league/vjq8e4hahszhchkbwec6"
00-0031731,"https://static.www.nfl.com/image/private/f_auto,q_auto/league/gj5yoyyx8nulm8ss037t"
00-0031732,"https://static.www.nfl.com/image/private/f_auto,q_auto/league/xauaqbsvxeenvgs3fmod"
00-0031743,"https://static.www.nfl.com/image/private/f_auto,q_auto/league/mjsxqeuw6ng12xa1z4zy"
00-0031744,"https://static.www.nfl.com/image/private/f_auto,q_auto/league/yt2cjnrobixknkfi5vud"
00-0031746,"https://static.www.nfl.com/image/private/f_auto,q_auto/league/ea2v279ll0rtucdw6rqs"
00-0031757,"https://static.www.nfl.com/image/private/f_auto,q_auto/league/kkkuu7hldjdxhklgejl0"
00-0031763,"https://static.www.nfl.com/image/upload/f_auto,q_auto/league/jx4io3owliw3l5xve6ta"
00-0031768,"https://static.www.nfl.com/image/private/f_auto,q_auto/league/cpwxutcnudoozh6jr2zo"
00-0031782,"https://static.www.nfl.com/image/private/f_auto,q_auto/league/wj9e3uvudi1wvdsr0qdi"
00-0031787,"https://static.www.nfl.com/image/private/f_auto,q_auto/league/lrfqprrjgaeaicqsd0f9"
00-0031788,"https://static.www.nfl.com/image/private/f_auto,q_auto/league/ofsdmsids4mwmhkdpxoz"
00-0031793,"https://static.www.nfl.com/image/private/f_auto,q_auto/league/efo2nvsa4z0nlm5dquiu"
00-0031800,"https://static.www.nfl.com/image/upload/f_auto,q_auto/league/fz9e0aufjyyo5raclwji"
00-0031801,"https://static.www.nfl.com/image/private/f_auto,q_auto/league/ri47aisqwhmvn3epenqm"
00-0031806,"https://static.www.nfl.com/image/private/f_auto,q_auto/league/zxnjheichwlnvvu5qdyl"
00-0031816,"https://static.www.nfl.com/image/private/f_auto,q_auto/league/vibrpfk10d0t8zlpsc8j"
00-0031818,"https://static.www.nfl.com/image/private/f_auto,q_auto/league/p6olxbyymypgryvxovy3"
00-0031826,"https://static.www.nfl.com/image/private/f_auto,q_auto/league/t3urtfod8890lrutmglh"
00-0031830,"https://static.www.nfl.com/image/private/f_auto,q_auto/league/huk6z3s9eh6bqg1xvexz"
00-0031834,"https://static.www.nfl.com/image/private/f_auto,q_auto/league/jourdarlwzcekq2aixse"
00-0031854,"https://static.www.nfl.com/image/private/f_auto,q_auto/league/eb0duhdzifs4ky3jpvhf"
00-0031861,"https://static.www.nfl.com/image/private/f_auto,q_auto/league/sanetbp2iettx7r4eebs"
00-0031868,"https://static.www.nfl.com/image/private/f_auto,q_auto/league/cskulleqxehtrgkqsl3u"
00-0031884,"https://static.www.nfl.com/image/private/f_auto,q_auto/league/xijxyhyndupwwmko56ke"
00-0031897,"https://static.www.nfl.com/image/private/f_auto,q_auto/league/uxyelm5j4nm67gmnbih9"
00-0031900,"https://static.www.nfl.com/image/private/f_auto,q_auto/league/zmhmhduytwid1kjim5rp"
00-0031912,"https://static.www.nfl.com/image/private/f_auto,q_auto/league/galvhjzccy4mw0ipexho"
00-0031922,"https://static.www.nfl.com/image/private/f_auto,q_auto/league/na3rt3lesebmcwilj62y"
00-0031932,"https://static.www.nfl.com/image/private/f_auto,q_auto/league/o3c106jnwvyu7bjqnm1e"
00-0031934,"https://static.www.nfl.com/image/private/f_auto,q_auto/league/sxvloat4tcr7e6eghply"
00-0031939,"https://static.www.nfl.com/image/private/f_auto,q_auto/league/eektuvevqtzbqstzx3pv"
00-0031941,"https://static.www.nfl.com/image/upload/f_auto,q_auto/league/rfysbrjrvfdr72cx8who"
00-0031951,"https://static.www.nfl.com/image/private/f_auto,q_auto/league/sz5g57zhnshipkpw39sz"
00-0031953,"https://static.www.nfl.com/image/private/f_auto,q_auto/league/ftvcy4ugwn6ku7feex71"
00-0031954,"https://static.www.nfl.com/image/private/f_auto,q_auto/league/zxmnsthvxacgunyr7exw"
00-0031959,"https://static.www.nfl.com/image/private/f_auto,q_auto/league/y9j91g8089mu9tjj0zis"
00-0031962,"https://static.www.nfl.com/image/private/f_auto,q_auto/league/oakcuep40uvrcyx86q3o"
00-0031968,"https://static.www.nfl.com/image/private/f_auto,q_auto/league/lvc2ffs7bbxbkvyciibj"
00-0031972,"https://static.www.nfl.com/image/private/f_auto,q_auto/league/a5hbv77h2qaienl37ptf"
00-0032001,"https://static.www.nfl.com/image/private/f_auto,q_auto/league/xoblgpcwhxf18xim7ika"
00-0032004,"https://static.www.nfl.com/image/private/f_auto,q_auto/league/dv5nojtrswp6cprkwn2y"
00-0032008,"https://static.www.nfl.com/image/private/f_auto,q_auto/league/fsdl4ssnmvwdec6uoafu"
00-0032009,"https://static.www.nfl.com/image/private/f_auto,q_auto/league/l56ywjejfpraigzs4qia"
00-0032012,"https://static.www.nfl.com/image/private/f_auto,q_auto/league/jaubstkepqccrcqzyfew"
00-0032045,"https://static.www.nfl.com/image/private/f_auto,q_auto/league/vv21wvuslhuw1fdzawhc"
00-0032048,"https://static.www.nfl.com/image/private/f_auto,q_auto/league/fjzfchsmhpgl1uqiknek"
00-0032054,"https://static.www.nfl.com/image/private/f_auto,q_auto/league/zpwov1n42bi5lsqdlxhh"
00-0032055,"https://static.www.nfl.com/image/private/f_auto,q_auto/league/j0q0lmao9tg0rbviax6z"
00-0032058,"https://static.www.nfl.com/image/private/f_auto,q_auto/league/wiu4r7bvhcafs9vamqc"
00-0032062,"https://static.www.nfl.com/image/private/f_auto,q_auto/league/eqrmmjto8koqqc9j2kjj"
00-0032063,"https://static.www.nfl.com/image/private/f_auto,q_auto/league/csrqinegeyunycijua2q"
00-0032064,"https://static.www.nfl.com/image/private/f_auto,q_auto/league/vljfatuqlqxm84sxpsha"
00-0032068,"https://static.www.nfl.com/image/private/f_auto,q_auto/league/n1vppalhmz7ekonqtmiq"
00-0032070,"https://static.www.nfl.com/image/private/f_auto,q_auto/league/jrszu3si4lwrltbsyi4x"
00-0032089,"https://static.www.nfl.com/image/private/f_auto,q_auto/league/lozfj8mnyln9bo6frq6r"
00-0032098,"https://static.www.nfl.com/image/private/f_auto,q_auto/league/fnhg5hbp5sjn3uuanqua"
00-0032104,"https://static.www.nfl.com/image/upload/f_auto,q_auto/league/k8teyeiqchljlm0h5te4"
00-0032112,"https://static.www.nfl.com/image/private/f_auto,q_auto/league/rdpp1eiaqse92yvujbs0"
00-0032115,"https://static.www.nfl.com/image/private/f_auto,q_auto/league/u1beu9elu48ry0b1rzjl"
00-0032117,"https://static.www.nfl.com/image/private/f_auto,q_auto/league/jdldbwkjrk76mwertzfx"
00-0032120,"https://static.www.nfl.com/image/private/f_auto,q_auto/league/zeft21ybfc5pjye3lmq2"
00-0032122,"https://static.www.nfl.com/image/private/f_auto,q_auto/league/l7ow65ilswqvnkarhvaa"
00-0032123,"https://static.www.nfl.com/image/private/f_auto,q_auto/league/gxiebdueieuygbu3b14z"
00-0032128,"https://static.www.nfl.com/image/upload/f_auto,q_auto/league/mr4h7vx02uwpr7xlfk6y"
00-0032130,"https://static.www.nfl.com/image/private/f_auto,q_auto/league/vzwokuiytin3pfyp1icy"
00-0032133,"https://static.www.nfl.com/image/private/f_auto,q_auto/league/ldrbbzqpoup10wofflob"
00-0032134,"https://static.www.nfl.com/image/private/f_auto,q_auto/league/hnkflpl5pzbfbdvtcv1c"
00-0032135,"https://static.www.nfl.com/image/private/f_auto,q_auto/league/rgk9zqdx9lmbcblem3xn"
00-0032139,"https://static.www.nfl.com/image/private/f_auto,q_auto/league/hg1fdty7xbpwztueey8j"
00-0032141,"https://static.www.nfl.com/image/upload/f_auto,q_auto/league/kecuhwgbqvlqt6gb0dz6"
00-0032144,"https://static.www.nfl.com/image/private/f_auto,q_auto/league/i4g8x7yotpgszlyanow0"
00-0032152,"https://static.www.nfl.com/image/private/f_auto,q_auto/league/zzrghomkcufnipfuygwn"
00-0032156,"https://static.www.nfl.com/image/private/f_auto,q_auto/league/vmksfbms9zefxezf39sb"
00-0032160,"https://static.www.nfl.com/image/private/f_auto,q_auto/league/qixhze7yidydtc1vyeih"
00-0032166,"https://static.www.nfl.com/image/private/f_auto,q_auto/league/qtqofzkmblah8ycd4687"
00-0032170,"https://static.www.nfl.com/image/private/f_auto,q_auto/league/xte6opvwocivpjpjplzp"
00-0032187,"https://static.www.nfl.com/image/private/f_auto,q_auto/league/y7dtsyyjnoafefkbylbb"
00-0032188,"https://static.www.nfl.com/image/private/f_auto,q_auto/league/rosldoxrxcni83bowf2y"
00-0032190,"https://static.www.nfl.com/image/private/f_auto,q_auto/league/vos6ydzcbbhbw6rawz7d"
00-0032200,"https://static.www.nfl.com/image/private/f_auto,q_auto/league/eagn4fvhnc9cp3wxeqoz"
00-0032208,"https://static.www.nfl.com/image/upload/f_auto,q_auto/league/zkmdppfkcxqn5iwlcsyy"
00-0032209,"https://static.www.nfl.com/image/private/f_auto,q_auto/league/m9tcaffb3fom3fejtxon"
00-0032211,"https://static.www.nfl.com/image/upload/f_auto,q_auto/league/gyhvviyep9iigeaobxmi"
00-0032214,"https://static.www.nfl.com/image/private/f_auto,q_auto/league/ztko1uhl01ebiutefibj"
00-0032218,"https://static.www.nfl.com/image/private/f_auto,q_auto/league/jyrzrpb37ybd9feblt3m"
00-0032227,"https://static.www.nfl.com/image/private/f_auto,q_auto/league/u3cggxnuwxem6rnkwzvg"
00-0032241,"https://static.www.nfl.com/image/private/f_auto,q_auto/league/jkqn4zynfdfvu359ygtr"
00-0032245,"https://static.www.nfl.com/image/private/f_auto,q_auto/league/lcuc7hhiijmt8xtitm77"
00-0032250,"https://static.www.nfl.com/image/private/f_auto,q_auto/league/wclsdffaruwekvlwbmx3"
00-0032256,"https://static.www.nfl.com/image/private/f_auto,q_auto/league/fjs40pz6ry6p7jqzckeg"
00-0032257,"https://static.www.nfl.com/image/private/f_auto,q_auto/league/hf7lxjjesduggqdfktsg"
00-0032268,"https://static.www.nfl.com/image/upload/f_auto,q_auto/league/grx6m1fmu1odltjo3y31"
00-0032298,"https://static.www.nfl.com/image/private/f_auto,q_auto/league/plws0l63xcalmdkv9wwb"
00-0032319,"https://static.www.nfl.com/image/private/f_auto,q_auto/league/pqolizpud8fnjlh1s44h"
00-0032355,"https://static.www.nfl.com/image/private/f_auto,q_auto/league/lkszsifhpwtjpvjvlxw5"
00-0032362,"https://static.www.nfl.com/image/private/f_auto,q_auto/league/rslwahd8pggo2ghktogx"
00-0032365,"https://static.www.nfl.com/image/private/f_auto,q_auto/league/besy2ulrjawkla5nfoqt"
00-0032371,"https://static.www.nfl.com/image/private/f_auto,q_auto/league/xh5lyubvptmxmccydl73"
00-0032375,"https://static.www.nfl.com/image/private/f_auto,q_auto/league/jq2lqxdjddotlgnpvpyu"
00-0032377,"https://static.www.nfl.com/image/private/f_auto,q_auto/league/htmbqglun1ydytcfrltb"
00-0032385,"https://static.www.nfl.com/image/upload/f_auto,q_auto/league/l47czwi8aaznnit0se5h"
00-0032392,"https://static.www.nfl.com/image/upload/f_auto,q_auto/league/dd0j9ccd8fxokl48alzg"
00-0032393,"https://static.www.nfl.com/image/private/f_auto,q_auto/league/rcutby5hu0vtijh6adle"
00-0032394,"https://static.www.nfl.com/image/upload/f_auto,q_auto/league/srrlkx2mydsb8gfco6fp"
00-0032398,"https://static.www.nfl.com/image/upload/f_auto,q_auto/league/o0s29hnpztyxqotqdx8h"
00-0032400,"https://static.www.nfl.com/image/private/f_auto,q_auto/league/sjife00xnfgyraovwpm6"
00-0032404,"https://static.www.nfl.com/image/private/f_auto,q_auto/league/sntwf66d9yogl1mdxprt"
00-0032411,"https://static.www.nfl.com/image/private/f_auto,q_auto/league/gzfijcqkmupkv6ajjruz"
00-0032417,"https://static.www.nfl.com/image/private/f_auto,q_auto/league/bvq9v0mxyltlm9b8lstx"
00-0032423,"https://static.www.nfl.com/image/private/f_auto,q_auto/league/hinncjtjusiowdpefuj6"
00-0032426,"https://static.www.nfl.com/image/private/f_auto,q_auto/league/ddlhbm7zsi5o69wh6z5o"
00-0032429,"https://static.www.nfl.com/image/private/f_auto,q_auto/league/euwosft7xb84upuhbutp"
00-0032430,"https://static.www.nfl.com/image/private/f_auto,q_auto/league/vvmtt05lja1y2iulrwdp"
00-0032431,"https://static.www.nfl.com/image/private/f_auto,q_auto/league/lb8pxfnrvchcoy8y3c1h"
00-0032434,"https://static.www.nfl.com/image/upload/f_auto,q_auto/league/cz7oluypd7ahkdrr8net"
00-0032436,"https://static.www.nfl.com/image/upload/f_auto,q_auto/league/qvyjv4da7ya6erhqx67m"
00-0032441,"https://static.www.nfl.com/image/private/f_auto,q_auto/league/bugnmtls6p4dz9boruea"
00-0032450,"https://static.www.nfl.com/image/private/f_auto,q_auto/league/h1nintlpbk2zyxerjpy4"
00-0032462,"https://static.www.nfl.com/image/private/f_auto,q_auto/league/nxf2zqb0u0n171qkase5"
00-0032464,"https://static.www.nfl.com/image/upload/f_auto,q_auto/league/dpdv6dm0almcbjdppizx"
00-0032472,"https://static.www.nfl.com/image/private/f_auto,q_auto/league/gxkbbtamw8l5tpecbssm"
00-0032475,"https://static.www.nfl.com/image/private/f_auto,q_auto/league/sllikin2krzlnyo7cdvt"
00-0032482,"https://static.www.nfl.com/image/private/f_auto,q_auto/league/otwc8iuqmogqjh2j8zow"
00-0032499,"https://static.www.nfl.com/image/private/f_auto,q_auto/league/airzriy1lzkk5c690gqq"
00-0032508,"https://static.www.nfl.com/image/private/f_auto,q_auto/league/ieiahqsygsyjbwlvl3cy"
00-0032515,"https://static.www.nfl.com/image/private/f_auto,q_auto/league/try9qwamh6hm9rfwnzpt"
00-0032523,"https://static.www.nfl.com/image/private/f_auto,q_auto/league/lrfveyhfonoyehr4aerg"
00-0032540,"https://static.www.nfl.com/image/private/f_auto,q_auto/league/cpbomacc0snqelgvpz58"
00-0032543,"https://static.www.nfl.com/image/private/f_auto,q_auto/league/tnd77vbkyo8srrrkaisu"
00-0032553,"https://static.www.nfl.com/image/private/f_auto,q_auto/league/uiatvtldsd1bvq5jzwie"
00-0032562,"https://static.www.nfl.com/image/private/f_auto,q_auto/league/mooolu9t0hv8zjqrphaa"
00-0032577,"https://static.www.nfl.com/image/private/f_auto,q_auto/league/jjizp7deudsht2dqmzvq"
00-0032593,"https://static.www.nfl.com/image/private/f_auto,q_auto/league/pnkbbcmp3qmc3ncxfm7a"
00-0032599,"https://static.www.nfl.com/image/private/f_auto,q_auto/league/xxy4pbngyjfvrlkytvhk"
00-0032602,"https://static.www.nfl.com/image/private/f_auto,q_auto/league/zi77vkqwrmklt5ic6lc6"
00-0032621,"https://static.www.nfl.com/image/private/f_auto,q_auto/league/fsjkcs8es5hdpbcnyvbp"
00-0032626,"https://static.www.nfl.com/image/private/f_auto,q_auto/league/pngohl9rhrwyiaf7ywnz"
00-0032630,"https://static.www.nfl.com/image/private/f_auto,q_auto/league/n9nahsdhocngttt7hmdy"
00-0032634,"https://static.www.nfl.com/image/private/f_auto,q_auto/league/xzwdae27ugz08bfuce7b"
00-0032636,"https://static.www.nfl.com/image/private/f_auto,q_auto/league/bcwq8fofqyb91mura3mt"
00-0032650,"https://static.www.nfl.com/image/private/f_auto,q_auto/league/xnuuvtz6tqm6epo7j26n"
00-0032656,"https://static.www.nfl.com/image/private/f_auto,q_auto/league/gpvxfnsuraqhcxco9b0v"
00-0032659,"https://static.www.nfl.com/image/private/f_auto,q_auto/league/zcs1ajefa2ioxvjxygvf"
00-0032661,"https://static.www.nfl.com/image/private/f_auto,q_auto/league/rjixl9e7vu8gze8324ne"
00-0032679,"https://static.www.nfl.com/image/private/f_auto,q_auto/league/gjutzoczoduvpvk1hhxi"
00-0032688,"https://static.www.nfl.com/image/upload/f_auto,q_auto/league/kz2hbymqgrobo1uynciv"
00-0032689,"https://static.www.nfl.com/image/private/f_auto,q_auto/league/winf3jjamtmc6lm89qxk"
00-0032694,"https://static.www.nfl.com/image/private/f_auto,q_auto/league/d3ufuqxqdgcaer1chrl7"
00-0032705,"https://static.www.nfl.com/image/private/f_auto,q_auto/league/puhaayxubph3n4tkmksf"
00-0032707,"https://static.www.nfl.com/image/private/f_auto,q_auto/league/mdjom6h1xosrxbulj0gw"
00-0032724,"https://static.www.nfl.com/image/private/f_auto,q_auto/league/o0cfgtzur0b0zyar1iir"
00-0032725,"https://static.www.nfl.com/image/private/f_auto,q_auto/league/inufsxftnotmpeot1lh2"
00-0032728,"https://static.www.nfl.com/image/private/f_auto,q_auto/league/vhci7mootbt5fp0vsm0e"
00-0032739,"https://static.www.nfl.com/image/private/f_auto,q_auto/league/jdjcwiz5tcwcnxy7j41k"
00-0032740,"https://static.www.nfl.com/image/private/f_auto,q_auto/league/qpomdgxzqn27tors7yye"
00-0032741,"https://static.www.nfl.com/image/private/f_auto,q_auto/league/yjcjcrdiztmfwjgcfbux"
00-0032745,"https://static.www.nfl.com/image/private/f_auto,q_auto/league/flcn8rvasatcy4cuoe1k"
00-0032760,"https://static.www.nfl.com/image/private/f_auto,q_auto/league/mkq3ycvjnr0ltb0yjczi"
00-0032764,"https://static.www.nfl.com/image/upload/f_auto,q_auto/league/tm79x0iknqg6hms3ypyt"
00-0032765,"https://static.www.nfl.com/image/private/f_auto,q_auto/league/sxldsbuw65hfmkzqhw96"
00-0032775,"https://static.www.nfl.com/image/upload/f_auto,q_auto/league/cokassoz2z7hb4wk2krh"
00-0032778,"https://static.www.nfl.com/image/private/f_auto,q_auto/league/c8fgfxrl2gmdv8thgw1p"
00-0032780,"https://static.www.nfl.com/image/private/f_auto,q_auto/league/nbvb6bsrmjupmqrrf1n4"
00-0032782,"https://static.www.nfl.com/image/private/f_auto,q_auto/league/r20rhl0c17ql8dtnl5kz"
00-0032784,"https://static.www.nfl.com/image/private/f_auto,q_auto/league/cuyxl0uprwddruvea1ma"
00-0032791,"https://static.www.nfl.com/image/private/f_auto,q_auto/league/f2ujcvb61rknhjyxcrsu"
00-0032792,"https://static.www.nfl.com/image/upload/f_auto,q_auto/league/l1acxbghxcms27qi59nq"
00-0032794,"https://static.www.nfl.com/image/private/f_auto,q_auto/league/x9z1hqodjhb8dio4dr1w"
00-0032795,"https://static.www.nfl.com/image/private/f_auto,q_auto/league/pjgnazhwpfaznduhwf3g"
00-0032801,"https://static.www.nfl.com/image/private/f_auto,q_auto/league/qwll2f0hngeluwrxr0gl"
00-0032804,"https://static.www.nfl.com/image/private/f_auto,q_auto/league/bqwslkxtdxyq5cihdvas"
00-0032813,"https://static.www.nfl.com/image/private/f_auto,q_auto/league/jiebuu94lu81xzneqrsf"
00-0032839,"https://static.www.nfl.com/image/private/f_auto,q_auto/league/umjebkr4qrfxvw64towf"
00-0032841,"https://static.www.nfl.com/image/private/f_auto,q_auto/league/wgyx2hl1v4lgcyxrepqz"
00-0032844,"https://static.www.nfl.com/image/private/f_auto,q_auto/league/wlizjeb1gickkrsrz8r8"
00-0032864,"https://static.www.nfl.com/image/private/f_auto,q_auto/league/cnnffo0p74ph8slvtasw"
00-0032881,"https://static.www.nfl.com/image/private/f_auto,q_auto/league/qvf3ud6rgqusejdd4f5u"
00-0032893,"https://static.www.nfl.com/image/private/f_auto,q_auto/league/j2v4kefi8je2l5q4tmxe"
00-0032897,"https://static.www.nfl.com/image/private/f_auto,q_auto/league/jrhk6npb7u3tmgzt7rwn"
00-0032902,"https://static.www.nfl.com/image/private/f_auto,q_auto/league/xcdjk9e3ikf4gnxzvx1p"
00-0032918,"https://static.www.nfl.com/image/upload/f_auto,q_auto/league/evssvutwjy6szq7dpelm"
00-0032926,"https://static.www.nfl.com/image/private/f_auto,q_auto/league/x2zn81ljacxncoqtnq1i"
00-0032935,"https://static.www.nfl.com/image/private/f_auto,q_auto/league/has0upkyuzqewhty3pb2"
00-0032937,"https://static.www.nfl.com/image/private/f_auto,q_auto/league/zyapvh7o3oqxjr5li42b"
00-0032940,"https://static.www.nfl.com/image/private/f_auto,q_auto/league/r89dcprs99qahleja3mz"
00-0032945,"https://static.www.nfl.com/image/private/f_auto,q_auto/league/mex8kxfkvddls48d6j26"
00-0032950,"https://static.www.nfl.com/image/upload/f_auto,q_auto/league/vuolixdvigc8axelug66"
00-0032951,"https://static.www.nfl.com/image/upload/f_auto,q_auto/league/xspi3oy2wlnszorzn6vk"
00-0032956,"https://static.www.nfl.com/image/private/f_auto,q_auto/league/kf26fsuyxdvkloora0ox"
00-0032959,"https://static.www.nfl.com/image/private/f_auto,q_auto/league/ocgnemo0vbro2gvjsbgb"
00-0032964,"https://static.www.nfl.com/image/private/f_auto,q_auto/league/sdfnye7daaffwtre1mbl"
00-0032966,"https://static.www.nfl.com/image/private/f_auto,q_auto/league/yawvrg2sh7ryru2z2kwe"
00-0032972,"https://static.www.nfl.com/image/private/f_auto,q_auto/league/y5fw68qxcmxykv1uchlo"
00-0032974,"https://static.www.nfl.com/image/private/f_auto,q_auto/league/wkcq6ajhn2dttqplifar"
00-0032975,"https://static.www.nfl.com/image/private/f_auto,q_auto/league/dnlboggtjcflj9fxauub"
00-0032977,"https://static.www.nfl.com/image/private/f_auto,q_auto/league/mdn4he3iuc2mwx3cfvfj"
00-0032980,"https://static.www.nfl.com/image/private/f_auto,q_auto/league/pwq2yi4ewqtsx6buynay"
00-0032986,"https://static.www.nfl.com/image/private/f_auto,q_auto/league/qmr1ixr4moaj0cri78sq"
00-0033006,"https://static.www.nfl.com/image/private/f_auto,q_auto/league/edjmdcnmfcqucsqym7ku"
00-0033009,"https://static.www.nfl.com/image/upload/f_auto,q_auto/league/ttifog0hjxprlhkagugu"
00-0033021,"https://static.www.nfl.com/image/private/f_auto,q_auto/league/bm8wamaazkkc42ghhkrx"
00-0033025,"https://static.www.nfl.com/image/private/f_auto,q_auto/league/evmn0ccnvk73tukpmk5f"
00-0033040,"https://static.www.nfl.com/image/upload/f_auto,q_auto/league/gg73gnfivrn80oyqwazl"
00-0033043,"https://static.www.nfl.com/image/private/f_auto,q_auto/league/mxmi7iepd10ie7bn4hqm"
00-0033045,"https://static.www.nfl.com/image/upload/f_auto,q_auto/league/d4yr6htg4dbs0bgcfqnd"
00-0033049,"https://static.www.nfl.com/image/private/f_auto,q_auto/league/bmanrbbyt4fi777iarsx"
00-0033054,"https://static.www.nfl.com/image/private/f_auto,q_auto/league/qovjpn6bhqobiwiv2b0c"
00-0033060,"https://static.www.nfl.com/image/private/f_auto,q_auto/league/rtyecvs5rx9awmpdk4c8"
00-0033069,"https://static.www.nfl.com/image/private/f_auto,q_auto/league/ya38kjppomtdyqbq5cyg"
00-0033077,"https://static.www.nfl.com/image/upload/f_auto,q_auto/league/yvscmqq1qki8zfsemmcd"
00-0033079,"https://static.www.nfl.com/image/private/f_auto,q_auto/league/p5rkm45lscifejppmrb7"
00-0033080,"https://static.www.nfl.com/image/private/f_auto,q_auto/league/nrihd72oevgvvbhb8l6g"
00-0033087,"https://static.www.nfl.com/image/private/f_auto,q_auto/league/rqo12vl8mog1hptvk3im"
00-0033090,"https://static.www.nfl.com/image/upload/f_auto,q_auto/league/cvlunbqgztudbhjrug7l"
00-0033094,"https://static.www.nfl.com/image/private/f_auto,q_auto/league/dgyruyvyeuy4cwxhysox"
00-0033095,"https://static.www.nfl.com/image/private/f_auto,q_auto/league/ss70hidq9xcteze3rdeg"
00-0033098,"https://static.www.nfl.com/image/private/f_auto,q_auto/league/we5tadbw4htpyierf8qv"
00-0033104,"https://static.www.nfl.com/image/private/f_auto,q_auto/league/gkvutiyutml2atftmu09"
00-0033106,"https://static.www.nfl.com/image/upload/f_auto,q_auto/league/kaicbot8qhzrvddilbtp"
00-0033108,"https://static.www.nfl.com/image/private/f_auto,q_auto/league/no5luyrz446ildiztu6t"
00-0033110,"https://static.www.nfl.com/image/upload/f_auto,q_auto/league/x1d4osiefibd04df6gow"
00-0033111,"https://static.www.nfl.com/image/private/f_auto,q_auto/league/mnsqfcfqiehw5aocr1lg"
00-0033112,"https://static.www.nfl.com/image/private/f_auto,q_auto/league/ikzbygp007w9gn1rofoo"
00-0033114,"https://static.www.nfl.com/image/private/f_auto,q_auto/league/sytj4awk8kseyootqzec"
00-0033117,"https://static.www.nfl.com/image/private/f_auto,q_auto/league/u65wow5psi79iegrpvck"
00-0033118,"https://static.www.nfl.com/image/private/f_auto,q_auto/league/rp5apwel9vuk49b4lykn"
00-0033119,"https://static.www.nfl.com/image/upload/f_auto,q_auto/league/qjswiunczrn5xmdiqhlz"
00-0033127,"https://static.www.nfl.com/image/private/f_auto,q_auto/league/dgemxvhu8ffqmvmqczks"
00-0033164,"https://static.www.nfl.com/image/private/f_auto,q_auto/league/fujudm8wbskhxjn50mv3"
00-0033215,"https://static.www.nfl.com/image/private/f_auto,q_auto/league/klv5np9csnnm6p6zpkcs"
00-0033217,"https://static.www.nfl.com/image/upload/f_auto,q_auto/league/ivdxijcqlhfwsydxh6ox"
00-0033246,"https://static.www.nfl.com/image/upload/f_auto,q_auto/league/gbsnomwbzavt5124vvaz"
00-0033251,"https://static.www.nfl.com/image/upload/f_auto,q_auto/league/pfhgz8ofqgoubhnuqtme"
00-0033258,"https://static.www.nfl.com/image/private/f_auto,q_auto/league/uite1keyl09qsvofsqzf"
00-0033266,"https://static.www.nfl.com/image/private/f_auto,q_auto/league/ctmojzcskxm2rhyotsxo"
00-0033275,"https://static.www.nfl.com/image/upload/f_auto,q_auto/league/rfbfapksdwh1o4othraq"
00-0033280,"https://static.www.nfl.com/image/upload/f_auto,q_auto/league/st82s2ytyzanatcmkqck"
00-0033282,"https://static.www.nfl.com/image/upload/f_auto,q_auto/league/vyibrxegz375ntjby5zs"
00-0033288,"https://static.www.nfl.com/image/upload/f_auto,q_auto/league/vkicdglglkyukgyxtmpx"
00-0033292,"https://static.www.nfl.com/image/upload/f_auto,q_auto/league/ei3usgh5l8gikdvksulr"
00-0033293,"https://static.www.nfl.com/image/upload/f_auto,q_auto/league/bktkfvgfwujkdbzkcfim"
00-0033295,"https://static.www.nfl.com/image/private/f_auto,q_auto/league/hf6svwovhi83xfee214j"
00-0033296,"https://static.www.nfl.com/image/private/f_auto,q_auto/league/pvbqmdwlukehpxovupsg"
00-0033304,"https://static.www.nfl.com/image/private/f_auto,q_auto/league/vkoqrkhn2aec7xg1mnih"
00-0033306,"https://static.www.nfl.com/image/private/f_auto,q_auto/league/kmdby2vcvsafzpkpsp5l"
00-0033307,"https://static.www.nfl.com/image/upload/f_auto,q_auto/league/yzfa94cmhpcqamrwzdzk"
00-0033308,"https://static.www.nfl.com/image/private/f_auto,q_auto/league/rc4m1xw0xmtsrxswd0bg"
00-0033315,"https://static.www.nfl.com/image/private/f_auto,q_auto/league/termkvfwqk7v5b38icnf"
00-0033319,"https://static.www.nfl.com/image/upload/f_auto,q_auto/league/haxwyajgngz6quuyqg19"
00-0033338,"https://static.www.nfl.com/image/private/f_auto,q_auto/league/soxu9ft40rqaizt9yizp"
00-0033352,"https://static.www.nfl.com/image/private/f_auto,q_auto/league/uypcdxyyoqmxmfmded1r"
00-0033357,"https://static.www.nfl.com/image/upload/f_auto,q_auto/league/q8itjlocg5do60qat4l3"
00-0033367,"https://static.www.nfl.com/image/private/f_auto,q_auto/league/pzshlaz0iihftpmg9imt"
00-0033373,"https://static.www.nfl.com/image/private/f_auto,q_auto/league/if56xaykcuiun5vcj95p"
00-0033374,"https://static.www.nfl.com/image/private/f_auto,q_auto/league/dt4lvt5dpo92g8xdifnm"
00-0033375,"https://static.www.nfl.com/image/upload/f_auto,q_auto/league/hw06t7n00cfpt7euljza"
00-0033376,"https://static.www.nfl.com/image/upload/f_auto,q_auto/league/nm7ezh46zd5bdxaxz6a9"
00-0033379,"https://static.www.nfl.com/image/private/f_auto,q_auto/league/caxmcdcvqnix2vkutbq4"
00-0033382,"https://static.www.nfl.com/image/private/f_auto,q_auto/league/kbmjaq5myumdsk85ocxf"
00-0033384,"https://static.www.nfl.com/image/private/f_auto,q_auto/league/bcpvourhqp6qdgcs8wdy"
00-0033386,"https://static.www.nfl.com/image/private/f_auto,q_auto/league/naicfqo1ayh448qi86xq"
00-0033387,"https://static.www.nfl.com/image/private/f_auto,q_auto/league/qdny7ap8ly1ozectd8zu"
00-0033413,"https://static.www.nfl.com/image/private/f_auto,q_auto/league/kcu2rs5ripjvgiskb9er"
00-0033421,"https://static.www.nfl.com/image/private/f_auto,q_auto/league/qkktgjw9l0ntyfiobegs"
00-0033434,"https://static.www.nfl.com/image/private/f_auto,q_auto/league/dxmqeel8jwf3yokvtg9a"
00-0033439,"https://static.www.nfl.com/image/upload/f_auto,q_auto/league/hfgg6gr7aiyzmdzh4iww"
00-0033441,"https://static.www.nfl.com/image/private/f_auto,q_auto/league/xiahm288zxajbteu026w"
00-0033449,"https://static.www.nfl.com/image/private/f_auto,q_auto/league/tyahdtrxhbrg9iywby3y"
00-0033455,"https://static.www.nfl.com/image/upload/f_auto,q_auto/league/rpbs9wsnuhu9tgipzwuv"
00-0033460,"https://static.www.nfl.com/image/upload/f_auto,q_auto/league/olf4tixsulbplr0hkas5"
00-0033464,"https://static.www.nfl.com/image/private/f_auto,q_auto/league/nmn44gw214duhlpzasyi"
00-0033466,"https://static.www.nfl.com/image/upload/f_auto,q_auto/league/gy6grhpxsegfgklfadte"
00-0033471,"https://static.www.nfl.com/image/private/f_auto,q_auto/league/ycqftcjsc9vyqmc8tlmw"
00-0033474,"https://static.www.nfl.com/image/private/f_auto,q_auto/league/ex3zzzxojejpl5rqskmq"
00-0033481,"https://static.www.nfl.com/image/private/f_auto,q_auto/league/hetkew9ad3agbj8cq1r3"
00-0033514,"https://static.www.nfl.com/image/private/f_auto,q_auto/league/zjib7pwkvetor37oqw8v"
00-0033526,"https://static.www.nfl.com/image/upload/f_auto,q_auto/league/fllwhcdovol5i7xxahf6"
00-0033528,"https://static.www.nfl.com/image/private/f_auto,q_auto/league/cncqiyqmj7ohm5k70bog"
00-0033530,"https://static.www.nfl.com/image/private/f_auto,q_auto/league/vdhbsywtwsa54bgeqigm"
00-0033536,"https://static.www.nfl.com/image/upload/f_auto,q_auto/league/atprqcuqsl4spdak76fy"
00-0033537,"https://static.www.nfl.com/image/private/f_auto,q_auto/league/otfs2docj6eahaebo5xn"
00-0033550,"https://static.www.nfl.com/image/private/f_auto,q_auto/league/rxvilxbyuvwvorzzxhxf"
00-0033552,"https://static.www.nfl.com/image/private/f_auto,q_auto/league/qjmrqb7cxkgylpgll8ty"
00-0033553,"https://static.www.nfl.com/image/upload/f_auto,q_auto/league/ka8wlhtteg8hsowsdofk"
00-0033555,"https://static.www.nfl.com/image/upload/f_auto,q_auto/league/qbz7whjzsittudcecezw"
00-0033556,"https://static.www.nfl.com/image/private/f_auto,q_auto/league/pm0uewrl0ugotlc5wbpc"
00-0033559,"https://static.www.nfl.com/image/private/f_auto,q_auto/league/budz2kcuoa7xbjfrfurg"
00-0033562,"https://static.www.nfl.com/image/private/f_auto,q_auto/league/s7w7b3uxhppii72mttcu"
00-0033564,"https://static.www.nfl.com/image/private/f_auto,q_auto/league/o0avpkhaphyhp9ofc4lp"
00-0033567,"https://static.www.nfl.com/image/private/f_auto,q_auto/league/bsgtdhaylnpxdhfxtx0y"
00-0033572,"https://static.www.nfl.com/image/upload/f_auto,q_auto/league/buapoaxrvjzwsr4l34mq"
00-0033573,"https://static.www.nfl.com/image/private/f_auto,q_auto/league/ooeitkt377s485zhchsi"
00-0033576,"https://static.www.nfl.com/image/upload/f_auto,q_auto/league/czzieyox5rht6ae3g5tx"
00-0033581,"https://static.www.nfl.com/image/private/f_auto,q_auto/league/jgr8ujycflajknnwxlnr"
00-0033589,"https://static.www.nfl.com/image/upload/f_auto,q_auto/league/iyawzolvibsds35fwapv"
00-0033591,"https://static.www.nfl.com/image/upload/f_auto,q_auto/league/nv6ix0p8965yiugsuhwh"
00-0033594,"https://static.www.nfl.com/image/private/f_auto,q_auto/league/zxjqunrgf4j8p2eg4xyl"
00-0033596,"https://static.www.nfl.com/image/private/f_auto,q_auto/league/gf7t1ooy0mqwgszd7ihi"
00-0033597,"https://static.www.nfl.com/image/private/f_auto,q_auto/league/vm3zbbbmm13xuipdkids"
00-0033604,"https://static.www.nfl.com/image/private/f_auto,q_auto/league/wxw9mclsvbju33ixnqz9"
00-0033611,"https://static.www.nfl.com/image/private/f_auto,q_auto/league/nqwpbsutfe0anvjkqeux"
00-0033627,"https://static.www.nfl.com/image/private/f_auto,q_auto/league/ce3qgmgn139gn6vu44zz"
00-0033633,"https://static.www.nfl.com/image/private/f_auto,q_auto/league/ykdkdfncfuiirn9qsrk9"
00-0033658,"https://static.www.nfl.com/image/private/f_auto,q_auto/league/fsn8rvgup22r5e53mu7i"
00-0033662,"https://static.www.nfl.com/image/upload/f_auto,q_auto/league/mwrtykpswz7nbfisqlmj"
00-0033681,"https://static.www.nfl.com/image/private/f_auto,q_auto/league/djdjurxk3b6y347zirvz"
00-0033696,"https://static.www.nfl.com/image/private/f_auto,q_auto/league/innwotsz5sqpe91lef2g"
00-0033699,"https://static.www.nfl.com/image/upload/f_auto,q_auto/league/sldndpn2zwt4uhkj2zks"
00-0033705,"https://static.www.nfl.com/image/private/f_auto,q_auto/league/dkaaxf1xatrlvjstbbfj"
00-0033717,"https://static.www.nfl.com/image/private/f_auto,q_auto/league/o0iahve7ehmall8yuskh"
00-0033719,"https://static.www.nfl.com/image/private/f_auto,q_auto/league/umxhqumkqcogte0rt8b8"
00-0033720,"https://static.www.nfl.com/image/private/f_auto,q_auto/league/lbjhmxtdg1i6ichpzrbw"
00-0033725,"https://static.www.nfl.com/image/private/f_auto,q_auto/league/rrbdxl0frmnyr1qcgexd"
00-0033733,"https://static.www.nfl.com/image/private/f_auto,q_auto/league/avy32bijim6pgiiu8gtz"
00-0033742,"https://static.www.nfl.com/image/private/f_auto,q_auto/league/pv7lvlflrpakshx1hff2"
00-0033748,"https://static.www.nfl.com/image/private/f_auto,q_auto/league/i7qsig5m3dmdkubkl97k"
00-0033757,"https://static.www.nfl.com/image/upload/f_auto,q_auto/league/m8h8rzmxq4sjywitqnyb"
00-0033760,"https://static.www.nfl.com/image/private/f_auto,q_auto/league/lxkhwmzny52eexsdyqnq"
00-0033763,"https://static.www.nfl.com/image/private/f_auto,q_auto/league/gvuwzjpchrlbmmce3haw"
00-0033773,"https://static.www.nfl.com/image/private/f_auto,q_auto/league/p2ktqatwl7ryhwjiycio"
00-0033789,"https://static.www.nfl.com/image/private/f_auto,q_auto/league/g2yxukzp3upwdeeeth2h"
00-0033796,"https://static.www.nfl.com/image/private/f_auto,q_auto/league/djpqgwvw0xzixqzz6b4l"
00-0033798,"https://static.www.nfl.com/image/private/f_auto,q_auto/league/drzydv7wkrwioz9a2uii"
00-0033838,"https://static.www.nfl.com/image/private/f_auto,q_auto/league/xuzfvi2xmfnlkmlbqun3"
00-0033839,"https://static.www.nfl.com/image/private/f_auto,q_auto/league/jjlxw2ircxecpx3ipeax"
00-0033840,"https://static.www.nfl.com/image/private/f_auto,q_auto/league/vnqylrclnnacn5lymvrk"
00-0033854,"https://static.www.nfl.com/image/upload/f_auto,q_auto/league/bsm0k0jkytuiej2riudv"
00-0033855,"https://static.www.nfl.com/image/private/f_auto,q_auto/league/weydydlpwwt7ort1lysk"
00-0033856,"https://static.www.nfl.com/image/private/f_auto,q_auto/league/atxppoc7zqcjnbnk0awz"
00-0033857,"https://static.www.nfl.com/image/upload/f_auto,q_auto/league/fmjrhk2zt9z22uifctv0"
00-0033858,"https://static.www.nfl.com/image/upload/f_auto,q_auto/league/egd6llghj3n5wfdrqacw"
00-0033859,"https://static.www.nfl.com/image/private/f_auto,q_auto/league/q0qpgsvrkxi4al0dkjij"
00-0033869,"https://static.www.nfl.com/image/upload/f_auto,q_auto/league/yxs7ix2pmcfv5k1qn1sk"
00-0033871,"https://static.www.nfl.com/image/private/f_auto,q_auto/league/hr0uv4ai1zhkn7nof2a2"
00-0033873,"https://static.www.nfl.com/image/upload/f_auto,q_auto/league/wdckwtob1lybvkmxnf7p"
00-0033879,"https://static.www.nfl.com/image/private/f_auto,q_auto/league/usf4x1xgc8bqnuaewkp2"
00-0033881,"https://static.www.nfl.com/image/upload/f_auto,q_auto/league/nucl2dxmpvhlywhyro8o"
00-0033885,"https://static.www.nfl.com/image/upload/f_auto,q_auto/league/y4g1iayqrbrhdvkqywpx"
00-0033891,"https://static.www.nfl.com/image/upload/f_auto,q_auto/league/qihjjzfk0vwzoyrzztkq"
00-0033893,"https://static.www.nfl.com/image/upload/f_auto,q_auto/league/uurolop9ktcloxqh4fid"
00-0033895,"https://static.www.nfl.com/image/upload/f_auto,q_auto/league/aayw74rhaupmfnnikzak"
00-0033896,"https://static.www.nfl.com/image/private/f_auto,q_auto/league/rvj5swstfh0vf6f6w2hr"
00-0033897,"https://static.www.nfl.com/image/upload/f_auto,q_auto/league/gwyhozfhjgedwdmmjjcf"
00-0033899,"https://static.www.nfl.com/image/private/f_auto,q_auto/league/ajaqaaxoogjnfgxduv4u"
00-0033906,"https://static.www.nfl.com/image/upload/f_auto,q_auto/league/yxebpuskandivlh2iil4"
00-0033908,"https://static.www.nfl.com/image/upload/f_auto,q_auto/league/kjixprihktsfog6wx9sq"
00-0033911,"https://static.www.nfl.com/image/private/f_auto,q_auto/league/n0kolr3zjappzojczo5w"
00-0033916,"https://static.www.nfl.com/image/private/f_auto,q_auto/league/veeghpn7eg95a4yfr0uk"
00-0033921,"https://static.www.nfl.com/image/upload/f_auto,q_auto/league/ilkheljdx4hbjpisulke"
00-0033923,"https://static.www.nfl.com/image/upload/f_auto,q_auto/league/hktvzf8hiupoycyg1kmc"
00-0033925,"https://static.www.nfl.com/image/upload/f_auto,q_auto/league/shlxaet74pmn8arznphw"
00-0033932,"https://static.www.nfl.com/image/private/f_auto,q_auto/league/vck7awhkwwhui3ndgts3"
00-0033933,"https://static.www.nfl.com/image/private/f_auto,q_auto/league/kzbc8yd4lmtr3npzai2w"
00-0033936,"https://static.www.nfl.com/image/private/f_auto,q_auto/league/yw8euaevcvwswbx5w27w"
00-0033937,"https://static.www.nfl.com/image/private/f_auto,q_auto/league/anlwpt2bk3gozmtk90qx"
00-0033943,"https://static.www.nfl.com/image/upload/f_auto,q_auto/league/lf1fjsagcsvxmktl0bbn"
00-0033948,"https://static.www.nfl.com/image/upload/f_auto,q_auto/league/yxrxpgcwq5qwp88vqnp3"
00-0033949,"https://static.www.nfl.com/image/upload/f_auto,q_auto/league/twaqqjexyi0vgyfbvzis"
00-0033950,"https://static.www.nfl.com/image/private/f_auto,q_auto/league/zrc9lbsy94hxanrf5voo"
00-0033951,"https://static.www.nfl.com/image/private/f_auto,q_auto/league/d3sdoo1yiey5oiyblulk"
00-0033953,"https://static.www.nfl.com/image/private/f_auto,q_auto/league/kjcxnm0lntsec4idp0gi"
00-0033955,"https://static.www.nfl.com/image/upload/f_auto,q_auto/league/xcrgrtlk6ukrshtlnr5e"
00-0033957,"https://static.www.nfl.com/image/private/f_auto,q_auto/league/ae8lsm9ahaczhqfz1pvo"
00-0033958,"https://static.www.nfl.com/image/private/f_auto,q_auto/league/owifll49p0mmsjgf7rhn"
00-0033968,"https://static.www.nfl.com/image/private/f_auto,q_auto/league/yawmfaxmvob2piqusoji"
00-0033992,"https://static.www.nfl.com/image/private/f_auto,q_auto/league/flagmd6aeldbpmsrlihm"
00-0033994,"https://static.www.nfl.com/image/private/f_auto,q_auto/league/df5s8tviww78kjf1g8ed"
00-0034011,"https://static.www.nfl.com/image/private/f_auto,q_auto/league/txr5zwgfdbtwzsre8trk"
00-0034034,"https://static.www.nfl.com/image/private/f_auto,q_auto/league/row1skup96vnnn29zsdq"
00-0034052,"https://static.www.nfl.com/image/private/f_auto,q_auto/league/arx0mz7gc5dm0wfc5kfx"
00-0034054,"https://static.www.nfl.com/image/upload/f_auto,q_auto/league/y8t968ntco72t8f8ryba"
00-0034073,"https://static.www.nfl.com/image/upload/f_auto,q_auto/league/wf9ynmqonmnaosslkwdl"
00-0034081,"https://static.www.nfl.com/image/private/f_auto,q_auto/league/lavpxb848zx0stc1imzb"
00-0034101,"https://static.www.nfl.com/image/private/f_auto,q_auto/league/wnuyomxkyglp6bg203wn"
00-0034104,"https://static.www.nfl.com/image/private/f_auto,q_auto/league/rskkpergva4snsvgathy"
00-0034109,"https://static.www.nfl.com/image/private/f_auto,q_auto/league/soywd4cnq19pigrwabb5"
00-0034115,"https://static.www.nfl.com/image/private/f_auto,q_auto/league/zorqrtlrizlltgd6pnob"
00-0034131,"https://static.www.nfl.com/image/private/f_auto,q_auto/league/lq7drrswvcbnkyghztab"
00-0034132,"https://static.www.nfl.com/image/private/f_auto,q_auto/league/xaaqzgbfsqhs4qvdndrz"
00-0034159,"https://static.www.nfl.com/image/upload/f_auto,q_auto/league/b2s1wwxsgkenwlxmncu3"
00-0034164,"https://static.www.nfl.com/image/private/f_auto,q_auto/league/hkpxcipgs7jtgdwpkjel"
00-0034169,"https://static.www.nfl.com/image/private/f_auto,q_auto/league/jfeuowhacuig1v4etoqy"
00-0034171,"https://static.www.nfl.com/image/private/f_auto,q_auto/league/nvi4viyciscnso8qgbtn"
00-0034177,"https://static.www.nfl.com/image/upload/f_auto,q_auto/league/zmfyonfo6ohn5bxqwaxg"
00-0034184,"https://static.www.nfl.com/image/upload/f_auto,q_auto/league/dyobqe3w5eypevsk3f2b"
00-0034192,"https://static.www.nfl.com/image/private/f_auto,q_auto/league/tv6jmqih4wmfhmnxleht"
00-0034193,"https://static.www.nfl.com/image/private/f_auto,q_auto/league/buopatfei7mdyxxxi9bv"
00-0034201,"https://static.www.nfl.com/image/private/f_auto,q_auto/league/eyoauplfm4yffbfu9ijf"
00-0034206,"https://static.www.nfl.com/image/private/f_auto,q_auto/league/nk4txaierrsssrer3xvm"
00-0034207,"https://static.www.nfl.com/image/private/f_auto,q_auto/league/q5nwe08ka3mrnuanrqic"
00-0034208,"https://static.www.nfl.com/image/upload/f_auto,q_auto/league/yeoyrlaf9hlvowj6fdio"
00-0034221,"https://static.www.nfl.com/image/private/f_auto,q_auto/league/tlhpjc9tui7j6zfxoyfm"
00-0034253,"https://static.www.nfl.com/image/private/f_auto,q_auto/league/ukhyslngeuojxkjqfq9f"
00-0034256,"https://static.www.nfl.com/image/private/f_auto,q_auto/league/nebin0nevleumqvsk0fu"
00-0034258,"https://static.www.nfl.com/image/private/f_auto,q_auto/league/rmioj9lqsbhzgojtsq0u"
00-0034267,"https://static.www.nfl.com/image/private/f_auto,q_auto/league/npoq59gzmfmtwmrfdnhk"
00-0034268,"https://static.www.nfl.com/image/private/f_auto,q_auto/league/x812ydgnxirh4jsanqm9"
00-0034270,"https://static.www.nfl.com/image/upload/f_auto,q_auto/league/knjuzxnzsfjxwcjxp5en"
00-0034272,"https://static.www.nfl.com/image/upload/f_auto,q_auto/league/xkdli55uvkkffiq6fwnu"
00-0034273,"https://static.www.nfl.com/image/private/f_auto,q_auto/league/yafh5dzxcfpwqwrirmdd"
00-0034279,"https://static.www.nfl.com/image/upload/f_auto,q_auto/league/yqojuedjvxtydgd9tgpr"
00-0034286,"https://static.www.nfl.com/image/private/f_auto,q_auto/league/qusoivtzbud2wl0spptz"
00-0034297,"https://static.www.nfl.com/image/upload/f_auto,q_auto/league/qo8a5r4rspevt1rlq8r0"
00-0034301,"https://static.www.nfl.com/image/private/f_auto,q_auto/league/qloiwle7db59cznhqhub"
00-0034307,"https://static.www.nfl.com/image/private/f_auto,q_auto/league/ewjqefv890ar7hxnolod"
00-0034309,"https://static.www.nfl.com/image/private/f_auto,q_auto/league/ahab5ps31svdxyb03rc2"
00-0034311,"https://static.www.nfl.com/image/private/f_auto,q_auto/league/fick0qg9xwij9svv1rxk"
00-0034317,"https://static.www.nfl.com/image/upload/f_auto,q_auto/league/syie2sezwnpvbjqq5xpn"
00-0034319,"https://static.www.nfl.com/image/private/f_auto,q_auto/league/ipykvobx6lilpvc5vyca"
00-0034331,"https://static.www.nfl.com/image/private/f_auto,q_auto/league/stceem3dtyjhdlqlaqxn"
00-0034339,"https://static.www.nfl.com/image/private/f_auto,q_auto/league/ln6e9abuw9gjvaqjwltw"
00-0034343,"https://static.www.nfl.com/image/private/f_auto,q_auto/league/nqycxzi8tkcyauk55mj8"
00-0034348,"https://static.www.nfl.com/image/upload/f_auto,q_auto/league/kqwmqcrlrwmqcvfuguhs"
00-0034349,"https://static.www.nfl.com/image/private/f_auto,q_auto/league/tmqxfjwvjlcfacertjqp"
00-0034351,"https://static.www.nfl.com/image/upload/f_auto,q_auto/league/bafepstxu7vvxb9v5vua"
00-0034353,"https://static.www.nfl.com/image/upload/f_auto,q_auto/league/wyblvutn6o4g6cunyhc2"
00-0034358,"https://static.www.nfl.com/image/private/f_auto,q_auto/league/vkzgf6tpbcidlbnvyvon"
00-0034364,"https://static.www.nfl.com/image/private/f_auto,q_auto/league/fgkl9zfpy2yxrkxfge84"
00-0034365,"https://static.www.nfl.com/image/upload/f_auto,q_auto/league/gvpwnq0mjefjlekgzxro"
00-0034366,"https://static.www.nfl.com/image/private/f_auto,q_auto/league/b63h388y8kzvntk6tuqx"
00-0034367,"https://static.www.nfl.com/image/upload/f_auto,q_auto/league/ud1q6gh3tlkiy2w90gvm"
00-0034369,"https://static.www.nfl.com/image/private/f_auto,q_auto/league/pp8tdknrv8r1cmq1rgkf"
00-0034370,"https://static.www.nfl.com/image/private/f_auto,q_auto/league/thfspx6c8befeosbsj1b"
00-0034378,"https://static.www.nfl.com/image/private/f_auto,q_auto/league/dh6fxo1jdenrkgcwdpib"
00-0034383,"https://static.www.nfl.com/image/upload/f_auto,q_auto/league/ym8sbkev8l4scnrc0vd8"
00-0034386,"https://static.www.nfl.com/image/upload/f_auto,q_auto/league/unqrnkfpqg7juhlbyp4v"
00-0034393,"https://static.www.nfl.com/image/private/f_auto,q_auto/league/ec3s3n119ph0se5reacd"
00-0034395,"https://static.www.nfl.com/image/upload/f_auto,q_auto/league/o1qlrzg7ddwfh7igt5e7"
00-0034400,"https://static.www.nfl.com/image/private/f_auto,q_auto/league/ltz7ffp0fnywwhcm2d3z"
00-0034401,"https://static.www.nfl.com/image/upload/f_auto,q_auto/league/ctdcazjooi8u5iyf82vr"
00-0034406,"https://static.www.nfl.com/image/upload/f_auto,q_auto/league/wltinnuei2g3smdoayn3"
00-0034407,"https://static.www.nfl.com/image/upload/f_auto,q_auto/league/nvwn3sdihyyd2itjt7vy"
00-0034411,"https://static.www.nfl.com/image/upload/f_auto,q_auto/league/oigboeq0amnbgw7lnda0"
00-0034412,"https://static.www.nfl.com/image/private/f_auto,q_auto/league/caeic48dkstqkisxvs0x"
00-0034414,"https://static.www.nfl.com/image/upload/f_auto,q_auto/league/drf1wvqkjdvtu1rtxvfe"
00-0034418,"https://static.www.nfl.com/image/upload/f_auto,q_auto/league/cf6fmi91zijiovftx9qk"
00-0034419,"https://static.www.nfl.com/image/upload/f_auto,q_auto/league/striwxmn9t0ixherw7l8"
00-0034426,"https://static.www.nfl.com/image/private/f_auto,q_auto/league/yz9qgdgesqc9nbkv832p"
00-0034427,"https://static.www.nfl.com/image/private/f_auto,q_auto/league/ljq6ab6ehmjwvcq2knbv"
00-0034432,"https://static.www.nfl.com/image/private/f_auto,q_auto/league/y9zcmooqisc5cex2tqxb"
00-0034433,"https://static.www.nfl.com/image/private/f_auto,q_auto/league/rz1cgqj4rvl2xjffxyia"
00-0034438,"https://static.www.nfl.com/image/upload/f_auto,q_auto/league/hf5rgpjctslpwjzl0er9"
00-0034439,"https://static.www.nfl.com/image/private/f_auto,q_auto/league/mrgkhzunyljetpkfadkt"
00-0034440,"https://static.www.nfl.com/image/private/f_auto,q_auto/league/n7pvb1trbn9rtttlw7df"
00-0034449,"https://static.www.nfl.com/image/private/f_auto,q_auto/league/fekpyavfdcqs88tgj3dj"
00-0034457,"https://static.www.nfl.com/image/private/f_auto,q_auto/league/ppc3a6qvlxjxmkwxbphn"
00-0034487,"https://static.www.nfl.com/image/upload/f_auto,q_auto/league/iiig88xbj5zeau59ifvv"
00-0034489,"https://static.www.nfl.com/image/private/f_auto,q_auto/league/eghpk65s1q2vczdf9gry"
00-0034499,"https://static.www.nfl.com/image/private/f_auto,q_auto/league/ovxnuaqurfd2nccer8is"
00-0034509,"https://static.www.nfl.com/image/private/f_auto,q_auto/league/tagamx47ebjwvjjk9zuw"
00-0034510,"https://static.www.nfl.com/image/private/f_auto,q_auto/league/fmcyiy4oxx9soub8zbui"
00-0034512,"https://static.www.nfl.com/image/private/f_auto,q_auto/league/bcflijys3gae61fdmfv2"
00-0034521,"https://static.www.nfl.com/image/upload/f_auto,q_auto/league/b05f33npu1zjtpozfgdk"
00-0034532,"https://static.www.nfl.com/image/private/f_auto,q_auto/league/xlsa8rdfaysafmfyjy7m"
00-0034560,"https://static.www.nfl.com/image/private/f_auto,q_auto/league/uvfhpfx8uvtyj50b8lpy"
00-0034565,"https://static.www.nfl.com/image/private/f_auto,q_auto/league/nxw9d9uxbh2qsyle689j"
00-0034575,"https://static.www.nfl.com/image/upload/f_auto,q_auto/league/ft7ynz8n2ehrduolhihy"
00-0034577,"https://static.www.nfl.com/image/upload/f_auto,q_auto/league/s3vbqdcoc6oc6yh460v9"
00-0034578,"https://static.www.nfl.com/image/private/f_auto,q_auto/league/revwhbm7uizs4oiwqdo3"
00-0034593,"https://static.www.nfl.com/image/private/f_auto,q_auto/league/aopxp9h0dbs4beiar23d"
00-0034597,"https://static.www.nfl.com/image/private/f_auto,q_auto/league/qh4cznlh73ud2b9loalu"
00-0034613,"https://static.www.nfl.com/image/upload/f_auto,q_auto/league/pyl2bpjw0vy4idcseama"
00-0034614,"https://static.www.nfl.com/image/private/f_auto,q_auto/league/d0jsvuhu4xwkyegnlauh"
00-0034621,"https://static.www.nfl.com/image/private/f_auto,q_auto/league/i623ykztphsbp6cnw5b3"
00-0034631,"https://static.www.nfl.com/image/private/f_auto,q_auto/league/jjwvixdxj0lapvuqwbz9"
00-0034646,"https://static.www.nfl.com/image/upload/f_auto,q_auto/league/kpggzzkazhxoq4e77xho"
00-0034652,"https://static.www.nfl.com/image/private/f_auto,q_auto/league/pow47zamr7jdcca5ibsl"
00-0034653,"https://static.www.nfl.com/image/private/f_auto,q_auto/league/iyteeepnw4u0hssvjzxe"
00-0034654,"https://static.www.nfl.com/image/private/f_auto,q_auto/league/loz7fcvw2grvnn9zplud"
00-0034660,"https://static.www.nfl.com/image/private/f_auto,q_auto/league/yotlvbawckg5e7shvr2y"
00-0034669,"https://static.www.nfl.com/image/private/f_auto,q_auto/league/hxp1eybfexpzglhwcdw9"
00-0034672,"https://static.www.nfl.com/image/private/f_auto,q_auto/league/axn5dxyd6e9jcixash1g"
00-0034676,"https://static.www.nfl.com/image/private/f_auto,q_auto/league/z5svt5lojqlibpxitvty"
00-0034679,"https://static.www.nfl.com/image/private/f_auto,q_auto/league/bagm3hmxx07fqbe2xumb"
00-0034681,"https://static.www.nfl.com/image/upload/f_auto,q_auto/league/nbnqxhjafvg2vg6lc2ls"
00-0034686,"https://static.www.nfl.com/image/private/f_auto,q_auto/league/gp64utjveglpbit53u3t"
00-0034705,"https://static.www.nfl.com/image/private/f_auto,q_auto/league/flbny8qzpzwuarprnroc"
00-0034710,"https://static.www.nfl.com/image/private/f_auto,q_auto/league/deaj4sn82d3gx2mvehhc"
00-0034735,"https://static.www.nfl.com/image/private/f_auto,q_auto/league/agj6osumqjtba8sdmuyj"
00-0034747,"https://static.www.nfl.com/image/private/f_auto,q_auto/league/q5cbbfy8hxkcx7jwb7ve"
00-0034750,"https://static.www.nfl.com/image/private/f_auto,q_auto/league/mwvzwst6cfcwifblqtsj"
00-0034753,"https://static.www.nfl.com/image/upload/f_auto,q_auto/league/u4xzz7tclch0tpzm9hhz"
00-0034764,"https://static.www.nfl.com/image/private/f_auto,q_auto/league/tt9xpcg4x2z3osc1fcq6"
00-0034765,"https://static.www.nfl.com/image/upload/f_auto,q_auto/league/tlpyarxwfw6jue0m0e0o"
00-0034766,"https://static.www.nfl.com/image/private/f_auto,q_auto/league/orypxaqv1ux3nbqssqqx"
00-0034771,"https://static.www.nfl.com/image/upload/f_auto,q_auto/league/oadtxde6hxz1jgrs618o"
00-0034772,"https://static.www.nfl.com/image/private/f_auto,q_auto/league/qebxtrpadsvtqkgvfy2u"
00-0034775,"https://static.www.nfl.com/image/upload/f_auto,q_auto/league/ffp75mtwnqgrv0qz0txz"
00-0034777,"https://static.www.nfl.com/image/upload/f_auto,q_auto/league/skuieceh50r31ulwpo5s"
00-0034788,"https://static.www.nfl.com/image/private/f_auto,q_auto/league/fybmurkbrd7waa35tpc8"
00-0034791,"https://static.www.nfl.com/image/upload/f_auto,q_auto/league/h5y74trx6l8ivpkbmrkt"
00-0034796,"https://static.www.nfl.com/image/upload/f_auto,q_auto/league/eno6s5qzl9grbfbfwhoa"
00-0034798,"https://static.www.nfl.com/image/upload/f_auto,q_auto/league/pwcuy1ntmris98x8xmxi"
00-0034799,"https://static.www.nfl.com/image/private/f_auto,q_auto/league/zxxklmhekefz5gaaxqi0"
00-0034808,"https://static.www.nfl.com/image/upload/f_auto,q_auto/league/pcjtitrxadmpg7ujoddg"
00-0034816,"https://static.www.nfl.com/image/private/f_auto,q_auto/league/juku3wy4sv0xwobxw7xp"
00-0034827,"https://static.www.nfl.com/image/upload/f_auto,q_auto/league/lsavpxtqoqu25emwcnvy"
00-0034829,"https://static.www.nfl.com/image/upload/f_auto,q_auto/league/dykckg6we3cnw9yhpggi"
00-0034830,"https://static.www.nfl.com/image/upload/f_auto,q_auto/league/qxvkvmi2fphxjqyb21nv"
00-0034837,"https://static.www.nfl.com/image/upload/f_auto,q_auto/league/zrv8bjm7zdtboyka2jvr"
00-0034838,"https://static.www.nfl.com/image/upload/f_auto,q_auto/league/qs4e1hiqj9xymlqk6yas"
00-0034844,"https://static.www.nfl.com/image/upload/f_auto,q_auto/league/qcayrzjpura2zydszonh"
00-0034845,"https://static.www.nfl.com/image/private/f_auto,q_auto/league/eydtwcqcaegkuwivq0ln"
00-0034854,"https://static.www.nfl.com/image/upload/f_auto,q_auto/league/mozew14dow474cun5eqp"
00-0034855,"https://static.www.nfl.com/image/upload/f_auto,q_auto/league/gjb8e69jtt1ffqf1afue"
00-0034857,"https://static.www.nfl.com/image/upload/f_auto,q_auto/league/mjwbioajzldkq1vzoz2d"
00-0034860,"https://static.www.nfl.com/image/upload/f_auto,q_auto/league/xz70t2ahl2ak2q9mqtia"
00-0034867,"https://static.www.nfl.com/image/private/f_auto,q_auto/league/r7wv14bgrb5ohjmqsf9p"
00-0034869,"https://static.www.nfl.com/image/upload/f_auto,q_auto/league/fyay8vruj0cqmhopufzk"
00-0034899,"https://static.www.nfl.com/image/upload/f_auto,q_auto/league/rx1z0on3krils5gvkgj4"
00-0034922,"https://static.www.nfl.com/image/private/f_auto,q_auto/league/z5krizipkrgqbw4sgs8e"
00-0034928,"https://static.www.nfl.com/image/upload/f_auto,q_auto/league/j4wvyoqtwt34h8qamgun"
00-0034930,"https://static.www.nfl.com/image/private/f_auto,q_auto/league/ieftt22eccs8cjnodaxb"
00-0034955,"https://static.www.nfl.com/image/upload/f_auto,q_auto/league/aagqym9xmd5rligbbacq"
00-0034959,"https://static.www.nfl.com/image/upload/f_auto,q_auto/league/zv8xb3nfxamq7sqa1xqt"
00-0034960,"https://static.www.nfl.com/image/upload/f_auto,q_auto/league/zrs4ij8mvw7wr1uujwew"
00-0034970,"https://static.www.nfl.com/image/private/f_auto,q_auto/league/gvnnqr5kj0rtte3iw9mp"
00-0034972,"https://static.www.nfl.com/image/upload/f_auto,q_auto/league/mbcaep8diu9yuo3qrtiz"
00-0034975,"https://static.www.nfl.com/image/upload/f_auto,q_auto/league/fuodbrwvianete2gy5ag"
00-0034981,"https://static.www.nfl.com/image/upload/f_auto,q_auto/league/daymhftrwf00siu0iviy"
00-0034983,"https://static.www.nfl.com/image/upload/f_auto,q_auto/league/sgrqk1a6fm34swazm2bx"
00-0034988,"https://static.www.nfl.com/image/private/f_auto,q_auto/league/gbwycqfz69f3c3ozzt0g"
00-0034995,"https://static.www.nfl.com/image/private/f_auto,q_auto/league/j13nyurtcej8pa7jg494"
00-0035006,"https://static.www.nfl.com/image/private/f_auto,q_auto/league/uzlf6ftfizmo32d9v0x5"
00-0035013,"https://static.www.nfl.com/image/private/f_auto,q_auto/league/oagfqcqfdbieehnioifx"
00-0035021,"https://static.www.nfl.com/image/upload/f_auto,q_auto/league/ux55cx0r9iwqwmfmaip6"
00-0035022,"https://static.www.nfl.com/image/private/f_auto,q_auto/league/x56attwx7uv6a8zbetsq"
00-0035025,"https://static.www.nfl.com/image/private/f_auto,q_auto/league/qn06ratsj85aw7o2bzfn"
00-0035039,"https://static.www.nfl.com/image/upload/f_auto,q_auto/league/i54p7n9yfpyytifzv7rz"
00-0035040,"https://static.www.nfl.com/image/private/f_auto,q_auto/league/enumsdgbnfykd6znzeck"
00-0035045,"https://static.www.nfl.com/image/upload/f_auto,q_auto/league/tpo0g9pqvia4lh2noq33"
00-0035099,"https://static.www.nfl.com/image/upload/f_auto,q_auto/league/beioi5h4lq0obt8yx35v"
00-0035100,"https://static.www.nfl.com/image/upload/f_auto,q_auto/league/kzyh6yum2w3c6xrkndla"
00-0035101,"https://static.www.nfl.com/image/private/f_auto,q_auto/league/sqsasalphgxytdferwds"
00-0035102,"https://static.www.nfl.com/image/private/f_auto,q_auto/league/cdfez6yy9dzvblsnc3ou"
00-0035104,"https://static.www.nfl.com/image/private/f_auto,q_auto/league/mmztaportamkis4gklpf"
00-0035120,"https://static.www.nfl.com/image/private/f_auto,q_auto/league/w1y0ujmc2ycaxfpysv0u"
00-0035125,"https://static.www.nfl.com/image/upload/f_auto,q_auto/league/saqgxmq3xrr68byket0r"
00-0035126,"https://static.www.nfl.com/image/private/f_auto,q_auto/league/qbvjkexq50bd0ik1get4"
00-0035140,"https://static.www.nfl.com/image/upload/f_auto,q_auto/league/mswmia17pkencx01nswj"
00-0035146,"https://static.www.nfl.com/image/private/f_auto,q_auto/league/gfl6nhrkzshnhcsxfvqy"
00-0035148,"https://static.www.nfl.com/image/private/f_auto,q_auto/league/l1hcf7i4flghdacmhorc"
00-0035161,"https://static.www.nfl.com/image/private/f_auto,q_auto/league/zmop5o4ggyc3jehbcp4g"
00-0035164,"https://static.www.nfl.com/image/upload/f_auto,q_auto/league/dghmeq55sg0rb1ppakkr"
00-0035181,"https://static.www.nfl.com/image/private/f_auto,q_auto/league/nnkbqhiewcrey2bl3tlh"
00-0035184,"https://static.www.nfl.com/image/private/f_auto,q_auto/league/teht8fiw2mu5g8xmdoqm"
00-0035187,"https://static.www.nfl.com/image/private/f_auto,q_auto/league/ra41toaybxgxojhemusk"
00-0035208,"https://static.www.nfl.com/image/upload/f_auto,q_auto/league/zsnzd30ysrewgufbv06y"
00-0035215,"https://static.www.nfl.com/image/upload/f_auto,q_auto/league/fh7rbtvohdkaacqaxqke"
00-0035216,"https://static.www.nfl.com/image/upload/f_auto,q_auto/league/rjtil6ilydmwoy0btlt7"
00-0035217,"https://static.www.nfl.com/image/private/f_auto,q_auto/league/fo3ppnx6djkougdmpthf"
00-0035218,"https://static.www.nfl.com/image/private/f_auto,q_auto/league/m7zhoorpgybfc5tjyrwi"
00-0035222,"https://static.www.nfl.com/image/upload/f_auto,q_auto/league/a8vddwqiybkx41wwtjy4"
00-0035228,"https://static.www.nfl.com/image/upload/f_auto,q_auto/league/btfruyf33adgnjzpcuen"
00-0035229,"https://static.www.nfl.com/image/upload/f_auto,q_auto/league/rs8o65x0u0n9xzde0fd6"
00-0035232,"https://static.www.nfl.com/image/private/f_auto,q_auto/league/cctguuvjeglkuo1o6yvx"
00-0035243,"https://static.www.nfl.com/image/upload/f_auto,q_auto/league/niyjjkzmxjmesftgjs8y"
00-0035246,"https://static.www.nfl.com/image/private/f_auto,q_auto/league/ybukzc2rvl0mqfnn387e"
00-0035249,"https://static.www.nfl.com/image/upload/f_auto,q_auto/league/awdb5xedlbq0ebpptgzb"
00-0035250,"https://static.www.nfl.com/image/upload/f_auto,q_auto/league/xy2r2msxjqneml2c1cdc"
00-0035251,"https://static.www.nfl.com/image/upload/f_auto,q_auto/league/c8cmoyu2wemjpl6ctk9g"
00-0035259,"https://static.www.nfl.com/image/private/f_auto,q_auto/league/ptq3iidy6uyg3f31gjl5"
00-0035261,"https://static.www.nfl.com/image/upload/f_auto,q_auto/league/mb2xdrqiys6ktlcuah2n"
00-0035264,"https://static.www.nfl.com/image/upload/f_auto,q_auto/league/uzdn86skeienyyqxyiuw"
00-0035268,"https://static.www.nfl.com/image/private/f_auto,q_auto/league/jgcl3vn95zrklzlulgut"
00-0035273,"https://static.www.nfl.com/image/private/f_auto,q_auto/league/ifvzpr0bzxjwbpv0zpml"
00-0035275,"https://static.www.nfl.com/image/private/f_auto,q_auto/league/k3w7dtbs4tpvnvzo6l6h"
00-0035282,"https://static.www.nfl.com/image/upload/f_auto,q_auto/league/rspxeh6kxzfr7ftkcywh"
00-0035287,"https://static.www.nfl.com/image/private/f_auto,q_auto/league/b1cpexkyjlfs1egncviz"
00-0035289,"https://static.www.nfl.com/image/upload/f_auto,q_auto/league/knlacyr7rqfkcxiriudj"
00-0035291,"https://static.www.nfl.com/image/upload/f_auto,q_auto/league/zwei0idpruplnhlmpfkr"
00-0035297,"https://static.www.nfl.com/image/upload/f_auto,q_auto/league/fface3xneon0qi0kttvd"
00-0035298,"https://static.www.nfl.com/image/upload/f_auto,q_auto/league/mlx2xhjvzt6pqwgoloqa"
00-0035304,"https://static.www.nfl.com/image/private/f_auto,q_auto/league/nalegoem45fmncudsllg"
00-0035308,"https://static.www.nfl.com/image/upload/f_auto,q_auto/league/ixhp102leeriycsx1pkl"
00-0035310,"https://static.www.nfl.com/image/private/f_auto,q_auto/league/ybovjdd88byff6gpvm80"
00-0035311,"https://static.www.nfl.com/image/upload/f_auto,q_auto/league/dn5kacxm99pb95u8dle1"
00-0035313,"https://static.www.nfl.com/image/private/f_auto,q_auto/league/gjydumzkxelrd5rziupn"
00-0035320,"https://static.www.nfl.com/image/private/f_auto,q_auto/league/imvhc7aufvkt5ny14c9n"
00-0035329,"https://static.www.nfl.com/image/upload/f_auto,q_auto/league/v4ryz7edi35hnbogbqjt"
00-0035341,"https://static.www.nfl.com/image/upload/f_auto,q_auto/league/xqipuwaysjsl9xhtqblt"
00-0035342,"https://static.www.nfl.com/image/private/f_auto,q_auto/league/lhildzn90os4dmucczjw"
00-0035345,"https://static.www.nfl.com/image/upload/f_auto,q_auto/league/zyedrh1lvylrutfof4ld"
00-0035350,"https://static.www.nfl.com/image/private/f_auto,q_auto/league/ycedbmymomppxkrh6gcc"
00-0035356,"https://static.www.nfl.com/image/upload/f_auto,q_auto/league/wqy8qk8uznsw4mn206rv"
00-0035359,"https://static.www.nfl.com/image/upload/f_auto,q_auto/league/g0jd9yaq2yhw05ktamlh"
00-0035374,"https://static.www.nfl.com/image/private/f_auto,q_auto/league/hif6vcfhct6nesewer3o"
00-0035399,"https://static.www.nfl.com/image/upload/f_auto,q_auto/league/wxgibmduh5kodwlvbgct"
00-0035401,"https://static.www.nfl.com/image/private/f_auto,q_auto/league/qc6dvlvsaekyjgcqdkou"
00-0035406,"https://static.www.nfl.com/image/upload/f_auto,q_auto/league/otxrvkflhixz9akhmfqq"
00-0035414,"https://static.www.nfl.com/image/upload/f_auto,q_auto/league/a6j9njysh2lwdjblxvxw"
00-0035427,"https://static.www.nfl.com/image/private/f_auto,q_auto/league/vc4res7z5r4gulc3tm8t"
00-0035428,"https://static.www.nfl.com/image/private/f_auto,q_auto/league/aevwno51rzt28qzgkm3v"
00-0035432,"https://static.www.nfl.com/image/private/f_auto,q_auto/league/gbbc1ckeorj74mpfvstq"
00-0035436,"https://static.www.nfl.com/image/upload/f_auto,q_auto/league/v2zq4acigt28aips2dzl"
00-0035448,"https://static.www.nfl.com/image/private/f_auto,q_auto/league/bhihbxc1ert3qwrlyx7t"
00-0035457,"https://static.www.nfl.com/image/private/f_auto,q_auto/league/vrm7fxgx1p0cdabbo7ce"
00-0035480,"https://static.www.nfl.com/image/private/f_auto,q_auto/league/aupsoxtxtpv4fmgs4ttp"
00-0035489,"https://static.www.nfl.com/image/private/f_auto,q_auto/league/sct06wrma2grtvisjp2e"
00-0035500,"https://static.www.nfl.com/image/upload/f_auto,q_auto/league/pylafoddjiqh4rhjlhpf"
00-0035510,"https://static.www.nfl.com/image/upload/f_auto,q_auto/league/nrlg2m2ohbrp0duq1g3b"
00-0035527,"https://static.www.nfl.com/image/upload/f_auto,q_auto/league/qpqphhsofn96dvojfsx1"
00-0035529,"https://static.www.nfl.com/image/private/f_auto,q_auto/league/oghggusz6f5y52yoslzi"
00-0035535,"https://static.www.nfl.com/image/upload/f_auto,q_auto/league/otksyfjll5waf0vsczeu"
00-0035537,"https://static.www.nfl.com/image/upload/f_auto,q_auto/league/zruhihypizhtgpvsaj3c"
00-0035539,"https://static.www.nfl.com/image/private/f_auto,q_auto/league/zjctmeln83dvmc7sblow"
00-0035544,"https://static.www.nfl.com/image/upload/f_auto,q_auto/league/cbpuzvde5zqalmkjo0dv"
00-0035547,"https://static.www.nfl.com/image/private/f_auto,q_auto/league/gxhstzqswbn4z05r9rqv"
00-0035548,"https://static.www.nfl.com/image/private/f_auto,q_auto/league/ive2ltoktzpfso5mk0k0"
00-0035551,"https://static.www.nfl.com/image/private/f_auto,q_auto/league/zn6yi45uu1wgpm8x08ph"
00-0035553,"https://static.www.nfl.com/image/private/f_auto,q_auto/league/cx7tosfq741z1xu3lbnf"
00-0035562,"https://static.www.nfl.com/image/private/f_auto,q_auto/league/mqbodeysdvvvuhkctewa"
00-0035567,"https://static.www.nfl.com/image/upload/f_auto,q_auto/league/f5zuttg3hinfqgronrsg"
00-0035572,"https://static.www.nfl.com/image/upload/f_auto,q_auto/league/roaaw3cph7q6cxdco70k"
00-0035577,"https://static.www.nfl.com/image/private/f_auto,q_auto/league/z5c3pa2yd7uefaexblem"
00-0035587,"https://static.www.nfl.com/image/private/f_auto,q_auto/league/myc2crfkx5bhys4yblzg"
00-0035590,"https://static.www.nfl.com/image/private/f_auto,q_auto/league/n6m8thpdvx8hejkfehnp"
00-0035592,"https://static.www.nfl.com/image/private/f_auto,q_auto/league/xe4kdnx9a9p9735nhwh5"
00-0035593,"https://static.www.nfl.com/image/upload/f_auto,q_auto/league/pawxwuphiobdd7voouwl"
00-0035594,"https://static.www.nfl.com/image/upload/f_auto,q_auto/league/dyyclvfaagspov2ydf3i"
00-0035596,"https://static.www.nfl.com/image/private/f_auto,q_auto/league/wkjzrhylwknzyztlza5g"
00-0035597,"https://static.www.nfl.com/image/private/f_auto,q_auto/league/unhfaasxtecti2bpdozv"
00-0035602,"https://static.www.nfl.com/image/upload/f_auto,q_auto/league/xebxem8tzjm0yyygaklg"
00-0035603,"https://static.www.nfl.com/image/private/f_auto,q_auto/league/hyne29kklkfyyhaljukj"
00-0035621,"https://static.www.nfl.com/image/upload/f_auto,q_auto/league/ufvxs5eu8ltqoeaogyoo"
00-0035624,"https://static.www.nfl.com/image/upload/f_auto,q_auto/league/yl0nlprrudo2o0awymq3"
00-0035628,"https://static.www.nfl.com/image/upload/f_auto,q_auto/league/gbe2eojaxid4n3pmo0rj"
00-0035631,"https://static.www.nfl.com/image/upload/f_auto,q_auto/league/mmxrr2k7gdfowqpyxtr7"
00-0035639,"https://static.www.nfl.com/image/upload/f_auto,q_auto/league/pmb3ypquiy5a2qzzmio4"
00-0035640,"https://static.www.nfl.com/image/upload/f_auto,q_auto/league/kxql4sjfelubhxawu2zh"
00-0035644,"https://static.www.nfl.com/image/upload/f_auto,q_auto/league/lijnonbrcmplvkcb5kqv"
00-0035645,"https://static.www.nfl.com/image/upload/f_auto,q_auto/league/q6fs5e2eotgeh47xeo74"
00-0035652,"https://static.www.nfl.com/image/private/f_auto,q_auto/league/vz8qctzxuap5nxbaw8ql"
00-0035657,"https://static.www.nfl.com/image/private/f_auto,q_auto/league/s0cagglk6qh9ciuddjmu"
00-0035659,"https://static.www.nfl.com/image/upload/f_auto,q_auto/league/tmfl2zruajmkrtcg4zxp"
00-0035660,"https://static.www.nfl.com/image/private/f_auto,q_auto/league/ecmozxq6vofx2byp6ydn"
00-0035662,"https://static.www.nfl.com/image/upload/f_auto,q_auto/league/shkjxggufymydgp6wk3p"
00-0035664,"https://static.www.nfl.com/image/private/f_auto,q_auto/league/trvk8n0wjne7edxbajgw"
00-0035671,"https://static.www.nfl.com/image/private/f_auto,q_auto/league/dhmgw6mercfkpyfh1mw8"
00-0035676,"https://static.www.nfl.com/image/upload/f_auto,q_auto/league/qfhvjyssf0lwsh0kienp"
00-0035685,"https://static.www.nfl.com/image/upload/f_auto,q_auto/league/csz0c9roa4pqsccothxg"
00-0035689,"https://static.www.nfl.com/image/upload/f_auto,q_auto/league/k8bi9ppahwfmoxs8ij4w"
00-0035700,"https://static.www.nfl.com/image/upload/f_auto,q_auto/league/uceokxeo0uqrqms3e3vl"
00-0035703,"https://static.www.nfl.com/image/upload/f_auto,q_auto/league/v83sulqxwqmk6sp9qnqr"
00-0035704,"https://static.www.nfl.com/image/upload/f_auto,q_auto/league/vdixnkk1uglfpwowalf8"
00-0035710,"https://static.www.nfl.com/image/upload/f_auto,q_auto/league/ohvvctuykzwrpqer7xgl"
00-0035715,"https://static.www.nfl.com/image/private/f_auto,q_auto/league/wk7zy3ceecze3ly0mj7c"
00-0035719,"https://static.www.nfl.com/image/upload/f_auto,q_auto/league/ntgyhqg6hq7fanhhsqiw"
00-0035726,"https://static.www.nfl.com/image/upload/f_auto,q_auto/league/awuzhbfuubbmxzxxdtsb"
00-0035752,"https://static.www.nfl.com/image/private/f_auto,q_auto/league/epyvfplm9neqqvzsj2q8"
00-0035760,"https://static.www.nfl.com/image/private/f_auto,q_auto/league/c7akgryuyuxz7wok2qcf"
00-0035771,"https://static.www.nfl.com/image/private/f_auto,q_auto/league/cxh2vsypwniukuheewu0"
00-0035787,"https://static.www.nfl.com/image/private/f_auto,q_auto/league/nlrnmh2xxbrsapemjlgh"
00-0035789,"https://static.www.nfl.com/image/private/f_auto,q_auto/league/zdjxjt2bccyxwmb6murh"
00-0035806,"https://static.www.nfl.com/image/upload/f_auto,q_auto/league/stvclosmy6zi864kfxw7"
00-0035819,"https://static.www.nfl.com/image/private/f_auto,q_auto/league/fd4npq9cfobunfjfz1kg"
00-0035823,"https://static.www.nfl.com/image/private/f_auto,q_auto/league/obeiese68connhihpmln"
00-0035831,"https://static.www.nfl.com/image/upload/f_auto,q_auto/league/htviio8mhknq9cennrdq"
00-0035835,"https://static.www.nfl.com/image/private/f_auto,q_auto/league/nxdpocnvirsxjrwmkgvw"
00-0035844,"https://static.www.nfl.com/image/private/f_auto,q_auto/league/lrixuukk1wxvulscykqs"
00-0035848,"https://static.www.nfl.com/image/private/f_auto,q_auto/league/mrren8m5euy8x1amvqus"
00-0035860,"https://static.www.nfl.com/image/private/f_auto,q_auto/league/cgvll8lokulmws98olfa"
00-0035864,"https://static.www.nfl.com/image/private/f_auto,q_auto/league/emvbhstqosvayr6dm2jp"
00-0035869,"https://static.www.nfl.com/image/upload/f_auto,q_auto/league/b0qw4yrgtryeikt4fypi"
00-0035876,"https://static.www.nfl.com/image/upload/f_auto,q_auto/league/uaqykjil87rj71rkyz70"
00-0035883,"https://static.www.nfl.com/image/private/f_auto,q_auto/league/vgh5jb3ig6mr3gavs3me"
00-0035891,"https://static.www.nfl.com/image/upload/f_auto,q_auto/league/qaxlehtrp722qleo48sc"
00-0035898,"https://static.www.nfl.com/image/private/f_auto,q_auto/league/disdrxqtrv91rtoolwup"
00-0035908,"https://static.www.nfl.com/image/private/f_auto,q_auto/league/dbxerjvfk8aqe26t0eny"
00-0035912,"https://static.www.nfl.com/image/private/f_auto,q_auto/league/cp6swcvzcfe3zwpoymke"
00-0035924,"https://static.www.nfl.com/image/upload/f_auto,q_auto/league/yct3a4xznwcxjvn4iosk"
00-0035934,"https://static.www.nfl.com/image/upload/f_auto,q_auto/league/i0cz4kudel7ofcsgafn8"
00-0035935,"https://static.www.nfl.com/image/private/f_auto,q_auto/league/bs9joz6ljl29xmpjimjg"
00-0035939,"https://static.www.nfl.com/image/private/f_auto,q_auto/league/mouuxpmyg8wgcrtfc0tr"
00-0035956,"https://static.www.nfl.com/image/upload/f_auto,q_auto/league/irj1ejjmt0nvi1hlscr7"
00-0035957,"https://static.www.nfl.com/image/private/f_auto,q_auto/league/xd2tfhcsbxeokt2bisun"
00-0035973,"https://static.www.nfl.com/image/upload/f_auto,q_auto/league/nd1utxii5exwfoujq5a4"
00-0035976,"https://static.www.nfl.com/image/upload/f_auto,q_auto/league/ajn5xdsfu4tn4mohmlg3"
00-0035993,"https://static.www.nfl.com/image/upload/f_auto,q_auto/league/fxyjf9d5qkwqjdd8ypvv"
00-0036000,"https://static.www.nfl.com/image/private/f_auto,q_auto/league/ip1zbhwbowhy8zkqzmng"
00-0036005,"https://static.www.nfl.com/image/private/f_auto,q_auto/league/evxzsdrwsxqg5jobzl0r"
00-0036008,"https://static.www.nfl.com/image/private/f_auto,q_auto/league/agkex6nzvopiv5he5eqi"
00-0036020,"https://static.www.nfl.com/image/upload/f_auto,q_auto/league/nbqkon8x1bkphihywnkw"
00-0036032,"https://static.www.nfl.com/image/upload/f_auto,q_auto/league/vtkdheedmwcb2sjunayt"
00-0036033,"https://static.www.nfl.com/image/private/f_auto,q_auto/league/wpvzh1otaplenuoadzdd"
00-0036040,"https://static.www.nfl.com/image/upload/f_auto,q_auto/league/ahzqkvhjot6lygwr4ccb"
00-0036059,"https://static.www.nfl.com/image/upload/f_auto,q_auto/league/gg1gcamqt7wf2dppmmcq"
00-0036069,"https://static.www.nfl.com/image/private/f_auto,q_auto/league/wa1jecqwos8s5mslgvqk"
00-0036078,"https://static.www.nfl.com/image/private/f_auto,q_auto/league/qweguqfbp5ogimgnrvf0"
00-0036080,"https://static.www.nfl.com/image/upload/f_auto,q_auto/league/qjqlxbgva6thln9lj9n5"
00-0036096,"https://static.www.nfl.com/image/upload/f_auto,q_auto/league/m8en6noemyviirgtxlgd"
00-0036100,"https://static.www.nfl.com/image/private/f_auto,q_auto/league/fnnnosvydm195mhksb4s"
00-0036110,"https://static.www.nfl.com/image/private/f_auto,q_auto/league/zt4nt4auwksfvxfclbwk"
00-0036133,"https://static.www.nfl.com/image/upload/f_auto,q_auto/league/s1jyxzrzgn2od1sempye"
00-0036139,"https://static.www.nfl.com/image/upload/f_auto,q_auto/league/mx2bxccuzmdvzbksypws"
00-0036142,"https://static.www.nfl.com/image/private/f_auto,q_auto/league/egz0ulainb0ycha0tt9u"
00-0036145,"https://static.www.nfl.com/image/upload/f_auto,q_auto/league/lis9ecqrpdhiqeh7dua5"
00-0036158,"https://static.www.nfl.com/image/upload/f_auto,q_auto/league/cevotvl3ho5h1mioruyg"
00-0036165,"https://static.www.nfl.com/image/upload/f_auto,q_auto/league/ywbemecs6xa8bsm3h7bb"
00-0036173,"https://static.www.nfl.com/image/private/f_auto,q_auto/league/qjv7a2gvgt7w8voytjeb"
00-0036176,"https://static.www.nfl.com/image/upload/f_auto,q_auto/league/hbslm9pimpxgoeti32jf"
00-0036182,"https://static.www.nfl.com/image/upload/f_auto,q_auto/league/cyczwxlgfksrmurbb1ez"
00-0036183,"https://static.www.nfl.com/image/upload/f_auto,q_auto/league/kwvkhsgyvfsbzhihhh7c"
00-0036187,"https://static.www.nfl.com/image/upload/f_auto,q_auto/league/jjntivnnkczvlclkiwwm"
00-0036188,"https://static.www.nfl.com/image/private/f_auto,q_auto/league/lrv5bhws8lzbwqernv6s"
00-0036194,"https://static.www.nfl.com/image/private/f_auto,q_auto/league/ag0lglz7kkq6d29iqxl8"
00-0036196,"https://static.www.nfl.com/image/upload/f_auto,q_auto/league/rlmgjtfct5qjtbwcjqg6"
00-0036197,"https://static.www.nfl.com/image/upload/f_auto,q_auto/league/i1dr9fc5smv3zpvygqil"
00-0036208,"https://static.www.nfl.com/image/private/f_auto,q_auto/league/yyb62mnfyphbutq3hpy7"
00-0036212,"https://static.www.nfl.com/image/upload/f_auto,q_auto/league/tmm4ohds7qci0vqoobhm"
00-0036219,"https://static.www.nfl.com/image/upload/f_auto,q_auto/league/zrqsn3ae99gkgpi97qzr"
00-0036223,"https://static.www.nfl.com/image/upload/f_auto,q_auto/league/yw46ky6akdm7h7siofu8"
00-0036225,"https://static.www.nfl.com/image/upload/f_auto,q_auto/league/n2lmavplrrwtbcjuccyk"
00-0036226,"https://static.www.nfl.com/image/private/f_auto,q_auto/league/e2qgyhtngjk0llvaswxe"
00-0036228,"https://static.www.nfl.com/image/private/f_auto,q_auto/league/mqyc6dcbtujx7ioohpmv"
00-0036232,"https://static.www.nfl.com/image/upload/f_auto,q_auto/league/gmguayurr96nolimwmyn"
00-0036233,"https://static.www.nfl.com/image/upload/f_auto,q_auto/league/sgfgvm2myyrntnmiqojk"
00-0036244,"https://static.www.nfl.com/image/upload/f_auto,q_auto/league/qsyrgtfjj06wryahnxc9"
00-0036245,"https://static.www.nfl.com/image/private/f_auto,q_auto/league/frfsqseatvisn09ysrdr"
00-0036247,"https://static.www.nfl.com/image/upload/f_auto,q_auto/league/ir3qlibvnweezkfabv50"
00-0036250,"https://static.www.nfl.com/image/upload/f_auto,q_auto/league/awihnovccbawpaof5pva"
00-0036251,"https://static.www.nfl.com/image/upload/f_auto,q_auto/league/oxrltdgoquiabhihhgnk"
00-0036252,"https://static.www.nfl.com/image/upload/f_auto,q_auto/league/q1ythn05kwcmdr4mwzll"
00-0036254,"https://static.www.nfl.com/image/upload/f_auto,q_auto/league/ijr7bal4mbsaum2lp9dq"
00-0036255,"https://static.www.nfl.com/image/private/f_auto,q_auto/league/vxqhwwsx0ngjupeajnpm"
00-0036259,"https://static.www.nfl.com/image/upload/f_auto,q_auto/league/ben8kbygzzlid6ltmdum"
00-0036261,"https://static.www.nfl.com/image/upload/f_auto,q_auto/league/avzzxycxyculxxqce5k7"
00-0036264,"https://static.www.nfl.com/image/upload/f_auto,q_auto/league/thz8stjkbjwddxqnozi5"
00-0036265,"https://static.www.nfl.com/image/upload/f_auto,q_auto/league/imxxt8yrbrxptoxr1hw5"
00-0036268,"https://static.www.nfl.com/image/upload/f_auto,q_auto/league/o3cfpcor86ghjwyn8icp"
00-0036269,"https://static.www.nfl.com/image/upload/f_auto,q_auto/league/fd2pagtwrgj0hopdspal"
00-0036271,"https://static.www.nfl.com/image/upload/f_auto,q_auto/league/srfbu8ebsckazo1jlzys"
00-0036275,"https://static.www.nfl.com/image/upload/f_auto,q_auto/league/owpmwzoilitcodc6cmxo"
00-0036277,"https://static.www.nfl.com/image/upload/f_auto,q_auto/league/klifw1clu1ymeoo5vqpc"
00-0036278,"https://static.www.nfl.com/image/private/f_auto,q_auto/league/gbnyqxaymlji05bnflc5"
00-0036290,"https://static.www.nfl.com/image/upload/f_auto,q_auto/league/ysnui8mzlu2fo70ub0yt"
00-0036297,"https://static.www.nfl.com/image/upload/f_auto,q_auto/league/akmrd72vwsbpsnuh9775"
00-0036308,"https://static.www.nfl.com/image/private/f_auto,q_auto/league/zezib3bxgsm67dztn4np"
00-0036309,"https://static.www.nfl.com/image/upload/f_auto,q_auto/league/eaejonwaflt9drrs9ika"
00-0036312,"https://static.www.nfl.com/image/private/f_auto,q_auto/league/krvobstakocdgp3puv0g"
00-0036322,"https://static.www.nfl.com/image/upload/f_auto,q_auto/league/htjevkugzk6ietrjysny"
00-0036326,"https://static.www.nfl.com/image/upload/f_auto,q_auto/league/intpee5tvgt6rhzxhquc"
00-0036328,"https://static.www.nfl.com/image/upload/f_auto,q_auto/league/j7ixpkm7u4tdoqwzmbt4"
00-0036331,"https://static.www.nfl.com/image/upload/f_auto,q_auto/league/tj3t166iwsxbnyzxcyyl"
00-0036332,"https://static.www.nfl.com/image/upload/f_auto,q_auto/league/wivlyvbmlm0aogcvl2yz"
00-0036336,"https://static.www.nfl.com/image/private/f_auto,q_auto/league/dwt64mh92t2qztepvswo"
00-0036340,"https://static.www.nfl.com/image/private/f_auto,q_auto/league/hi80cnzcbmyma7vq1b2w"
00-0036345,"https://static.www.nfl.com/image/upload/f_auto,q_auto/league/ytgf9lftpnc3hqg81vhj"
00-0036355,"https://static.www.nfl.com/image/upload/f_auto,q_auto/league/jnkspnntgebegzp4ghve"
00-0036357,"https://static.www.nfl.com/image/private/f_auto,q_auto/league/i8oezzdcas0hd9ap8cfp"
00-0036358,"https://static.www.nfl.com/image/upload/f_auto,q_auto/league/mbblzwtynxr15ovzkevi"
00-0036360,"https://static.www.nfl.com/image/upload/f_auto,q_auto/league/er6tfnyxampiwn74zrui"
00-0036364,"https://static.www.nfl.com/image/private/f_auto,q_auto/league/nrvwudvuqxpmiegmjzdu"
00-0036365,"https://static.www.nfl.com/image/private/f_auto,q_auto/league/duzbn0dd5ss2lnrsovyn"
00-0036370,"https://static.www.nfl.com/image/private/f_auto,q_auto/league/fsu6gqcltgnofaakmq6u"
00-0036377,"https://static.www.nfl.com/image/private/f_auto,q_auto/league/fa4giqm0tlvowg979etj"
00-0036382,"https://static.www.nfl.com/image/private/f_auto,q_auto/league/qd5p8nkgawauikftmkij"
00-0036383,"https://static.www.nfl.com/image/private/f_auto,q_auto/league/ibizpqkleka4az4mprvz"
00-0036384,"https://static.www.nfl.com/image/private/f_auto,q_auto/league/o1gjqpevru8k8d98y2qn"
00-0036387,"https://static.www.nfl.com/image/upload/f_auto,q_auto/league/r55ywr41a014zd9zmvc1"
00-0036389,"https://static.www.nfl.com/image/upload/f_auto,q_auto/league/xow5yvxjeqa6witmofmp"
00-0036398,"https://static.www.nfl.com/image/private/f_auto,q_auto/league/ov8vehr0hojqxls6q7wr"
00-0036407,"https://static.www.nfl.com/image/upload/f_auto,q_auto/league/szca1v9butuqkjs7ekpm"
00-0036410,"https://static.www.nfl.com/image/upload/f_auto,q_auto/league/gpwtyv3viwy9q4ewderl"
00-0036412,"https://static.www.nfl.com/image/upload/f_auto,q_auto/league/tft1e8s4emxmx2697duf"
00-0036414,"https://static.www.nfl.com/image/upload/f_auto,q_auto/league/dutj0wamu7giwghnmr4m"
00-0036415,"https://static.www.nfl.com/image/upload/f_auto,q_auto/league/inwxk1xlvzculj8m3pah"
00-0036422,"https://static.www.nfl.com/image/upload/f_auto,q_auto/league/bqsgkwkfolczyrxmdp1j"
00-0036423,"https://static.www.nfl.com/image/upload/f_auto,q_auto/league/gww1gus87vabpsalkrpc"
00-0036424,"https://static.www.nfl.com/image/private/f_auto,q_auto/league/agzychtsya1dteoz1khu"
00-0036425,"https://static.www.nfl.com/image/upload/f_auto,q_auto/league/qrvemj4m3g2mqlbgy352"
00-0036427,"https://static.www.nfl.com/image/upload/f_auto,q_auto/league/wvdkhxotikdvohhaypee"
00-0036429,"https://static.www.nfl.com/image/upload/f_auto,q_auto/league/tuzldnhk23mvsapfejqd"
00-0036433,"https://static.www.nfl.com/image/private/f_auto,q_auto/league/d0k0fuhrprnvp1q3p16a"
00-0036435,"https://static.www.nfl.com/image/private/f_auto,q_auto/league/wvkwadpispb2p6crslne"
00-0036438,"https://static.www.nfl.com/image/upload/f_auto,q_auto/league/miipmedtauhxf4tmilcs"
00-0036439,"https://static.www.nfl.com/image/upload/f_auto,q_auto/league/dwoxtowzkymitmazn07e"
00-0036442,"https://static.www.nfl.com/image/upload/f_auto,q_auto/league/gnnvcgui1cijybukk2w7"
00-0036450,"https://static.www.nfl.com/image/private/f_auto,q_auto/league/npa1msmoqbig9cqznkti"
00-0036456,"https://static.www.nfl.com/image/private/f_auto,q_auto/league/iualxf5bff0nuttmxkut"
00-0036457,"https://static.www.nfl.com/image/private/f_auto,q_auto/league/ucxy1zbyppgm62iyvrdr"
00-0036463,"https://static.www.nfl.com/image/upload/f_auto,q_auto/league/gfkhv6k1wr45fnhl0p1d"
00-0036474,"https://static.www.nfl.com/image/upload/f_auto,q_auto/league/uigdojlenwlxiuai9amf"
00-0036482,"https://static.www.nfl.com/image/private/f_auto,q_auto/league/f0eepzx0zweaaoch5xfj"
00-0036491,"https://static.www.nfl.com/image/private/f_auto,q_auto/league/dqa9ppemmbv3scdrt6fa"
00-0036493,"https://static.www.nfl.com/image/private/f_auto,q_auto/league/wvi0pz27h6t7gfjujxis"
00-0036497,"https://static.www.nfl.com/image/upload/f_auto,q_auto/league/rgthh35tnl9dbi7jshxv"
00-0036510,"https://static.www.nfl.com/image/upload/f_auto,q_auto/league/ydf0qza9jro8obovns31"
00-0036523,"https://static.www.nfl.com/image/private/f_auto,q_auto/league/dxx9omigqswqm8irxgzh"
00-0036526,"https://static.www.nfl.com/image/private/f_auto,q_auto/league/v9nlqa52g6s7cn1aillm"
00-0036527,"https://static.www.nfl.com/image/upload/f_auto,q_auto/league/os5eurhh1y45sixa8phl"
00-0036534,"https://static.www.nfl.com/image/upload/f_auto,q_auto/league/jxq0fpgw6dzavqabgl1j"
00-0036543,"https://static.www.nfl.com/image/private/f_auto,q_auto/league/mmqzyzoau79or5w0izzq"
00-0036550,"https://static.www.nfl.com/image/upload/f_auto,q_auto/league/gtktmsfcxc1eijwpwzyq"
00-0036554,"https://static.www.nfl.com/image/upload/f_auto,q_auto/league/fguybjrn1kwflxm5szwq"
00-0036555,"https://static.www.nfl.com/image/upload/f_auto,q_auto/league/rzsvnt0pxsaize2ndhxm"
00-0036556,"https://static.www.nfl.com/image/upload/f_auto,q_auto/league/rn42gehfbeflx2px8njx"
00-0036567,"https://static.www.nfl.com/image/upload/f_auto,q_auto/league/xf383ph8bz6dpp0u9lcd"
00-0036569,"https://static.www.nfl.com/image/upload/f_auto,q_auto/league/egwohqryh9q3pa7erynt"
00-0036571,"https://static.www.nfl.com/image/private/f_auto,q_auto/league/kemavlwid32vr5ptpxd8"
00-0036572,"https://static.www.nfl.com/image/private/f_auto,q_auto/league/e08lbk8pl2oxbwxi86ib"
00-0036582,"https://static.www.nfl.com/image/private/f_auto,q_auto/league/mu0ujv1egc6viduiwbdk"
00-0036590,"https://static.www.nfl.com/image/upload/f_auto,q_auto/league/auqtvapzdtpdxg6myw6b"
00-0036598,"https://static.www.nfl.com/image/private/f_auto,q_auto/league/a3htstn0d8p9s0wcndvy"
00-0036613,"https://static.www.nfl.com/image/upload/f_auto,q_auto/league/gkh7m1jedon9mwn5jlf1"
00-0036620,"https://static.www.nfl.com/image/upload/f_auto,q_auto/league/baasw8ia3qztewmawfnz"
00-0036626,"https://static.www.nfl.com/image/upload/f_auto,q_auto/league/addv9eheok1jj7amfkpb"
00-0036627,"https://static.www.nfl.com/image/upload/f_auto,q_auto/league/xmxepri7gjhhu6wbvsnm"
00-0036628,"https://static.www.nfl.com/image/upload/f_auto,q_auto/league/sqaiwpind6kk4ns4acql"
00-0036630,"https://static.www.nfl.com/image/upload/f_auto,q_auto/league/rifnnpeub6okv41offnd"
00-0036635,"https://static.www.nfl.com/image/upload/f_auto,q_auto/league/mnfsun286mv5azpa8zaw"
00-0036637,"https://static.www.nfl.com/image/upload/f_auto,q_auto/league/bpmlguml8jth2rbdfyp5"
00-0036640,"https://static.www.nfl.com/image/upload/f_auto,q_auto/league/rvcrltwqycijarysk9dn"
00-0036646,"https://static.www.nfl.com/image/upload/f_auto,q_auto/league/eep30drknwucjdj6tivh"
00-0036650,"https://static.www.nfl.com/image/private/f_auto,q_auto/league/m40kbqrmtagssdl2nyx0"
00-0036652,"https://static.www.nfl.com/image/upload/f_auto,q_auto/league/la1xkdczi8xr1exdwnvh"
00-0036654,"https://static.www.nfl.com/image/private/f_auto,q_auto/league/pfjsjpzj2f9cn39xqde2"
00-0036657,"https://static.www.nfl.com/image/private/f_auto,q_auto/league/uych6wdpoifihjl55wkf"
00-0036669,"https://static.www.nfl.com/image/private/f_auto,q_auto/league/kqcnlnwoumzvotkzu841"
00-0036670,"https://static.www.nfl.com/image/upload/f_auto,q_auto/league/bkgrgirrdwlm05vqg74b"
00-0036671,"https://static.www.nfl.com/image/upload/f_auto,q_auto/league/is6qfhpfr82xc3udysfu"
00-0036679,"https://static.www.nfl.com/image/upload/f_auto,q_auto/league/kmbuzxucmmytpuoy8yfc"
00-0036691,"https://static.www.nfl.com/image/private/f_auto,q_auto/league/tfdqi690jeasaaiqm2pm"
00-0036692,"https://static.www.nfl.com/image/upload/f_auto,q_auto/league/fewy6chb5ajeb0bgb1ou"
00-0036698,"https://static.www.nfl.com/image/private/f_auto,q_auto/league/vkjbw0dck6obsojugiya"
00-0036727,"https://static.www.nfl.com/image/upload/f_auto,q_auto/league/xuvyqidnso9ga1dfefoy"
00-0036734,"https://static.www.nfl.com/image/private/f_auto,q_auto/league/nj0idpmfmstmaszbctpn"
00-0036741,"https://static.www.nfl.com/image/upload/f_auto,q_auto/league/vx5eqo8t1qvj0ijwmiwm"
00-0036754,"https://static.www.nfl.com/image/upload/f_auto,q_auto/league/ghmaeofuj87fm97yhvcp"
00-0036755,"https://static.www.nfl.com/image/upload/f_auto,q_auto/league/thg0iebj03kg0nuykglu"
00-0036768,"https://static.www.nfl.com/image/private/f_auto,q_auto/league/mgwe4bpzdc7wvox8razh"
00-0036774,"https://static.www.nfl.com/image/private/f_auto,q_auto/league/dhnzollh5rueorwlmuyf"
00-0036799,"https://static.www.nfl.com/image/private/f_auto,q_auto/league/y0ewkkqqt9ufs3q49yuo"
00-0036810,"https://static.www.nfl.com/image/private/f_auto,q_auto/league/wu2lgnpiszv4fkdrsij4"
00-0036825,"https://static.www.nfl.com/image/upload/f_auto,q_auto/league/nbn1wxlh6los4y2am3ro"
00-0036829,"https://static.www.nfl.com/image/private/f_auto,q_auto/league/xzzb2fcp1ovzekumnjga"
00-0036841,"https://static.www.nfl.com/image/upload/f_auto,q_auto/league/vpkcobp7jdqvk8qwhhtg"
00-0036842,"https://static.www.nfl.com/image/upload/f_auto,q_auto/league/rlnqgz517fsohrndgjrb"
00-0036849,"https://static.www.nfl.com/image/upload/f_auto,q_auto/league/tl2aa9ucbtcwhr1yk3tf"
00-0036857,"https://static.www.nfl.com/image/upload/f_auto,q_auto/league/r7f5vinm6aqdzxtjf4yx"
00-0036858,"https://static.www.nfl.com/image/private/f_auto,q_auto/league/uwnxm7am5nrzn5ocvpux"
00-0036860,"https://static.www.nfl.com/image/upload/f_auto,q_auto/league/xkegujg1754uei9oomoz"
00-0036862,"https://static.www.nfl.com/image/upload/f_auto,q_auto/league/etozk8ja4u8lpjcvvo6l"
00-0036875,"https://static.www.nfl.com/image/upload/f_auto,q_auto/league/zmpuirvuw4r04inxth5i"
00-0036876,"https://static.www.nfl.com/image/upload/f_auto,q_auto/league/ysbxmdw4da30q3kjb571"
00-0036877,"https://static.www.nfl.com/image/upload/f_auto,q_auto/league/po3sqw0b1qwonkg80lrf"
00-0036879,"https://static.www.nfl.com/image/upload/f_auto,q_auto/league/imtb2ia03w2ujrl9dprs"
00-0036887,"https://static.www.nfl.com/image/upload/f_auto,q_auto/league/kdq2zratulrdsv4ykugy"
00-0036893,"https://static.www.nfl.com/image/upload/f_auto,q_auto/league/grfxgbvqnzz40r7rdtvk"
00-0036894,"https://static.www.nfl.com/image/upload/f_auto,q_auto/league/pyrdsypgggjshiaygkr7"
00-0036898,"https://static.www.nfl.com/image/upload/f_auto,q_auto/league/jh9e97vjzmeafx8jz0sn"
00-0036900,"https://static.www.nfl.com/image/upload/f_auto,q_auto/league/qya3dtjb5kgofcuj2tuw"
00-0036906,"https://static.www.nfl.com/image/upload/f_auto,q_auto/league/gjwksf9ygntjmtceeerh"
00-0036907,"https://static.www.nfl.com/image/private/f_auto,q_auto/league/cwp4qiumv4yzxg0hsbvj"
00-0036910,"https://static.www.nfl.com/image/private/f_auto,q_auto/league/fsp88zweiyrelqneg7vk"
00-0036912,"https://static.www.nfl.com/image/upload/f_auto,q_auto/league/k724kq3hyv7jc0y9s03x"
00-0036913,"https://static.www.nfl.com/image/upload/f_auto,q_auto/league/nuwjpint0g5wejogudt4"
00-0036918,"https://static.www.nfl.com/image/upload/f_auto,q_auto/league/hqfvp6k11llxeostdvey"
00-0036919,"https://static.www.nfl.com/image/upload/f_auto,q_auto/league/eo62l8ec8e3lzt86ihth"
00-0036924,"https://static.www.nfl.com/image/upload/f_auto,q_auto/league/cwqrxzouk4gkhfziyqre"
00-0036928,"https://static.www.nfl.com/image/upload/f_auto,q_auto/league/xd0hbsqzz2xhh392woow"
00-0036929,"https://static.www.nfl.com/image/upload/f_auto,q_auto/league/gfizehze3lahkqm40vk4"
00-0036936,"https://static.www.nfl.com/image/upload/f_auto,q_auto/league/v9s3rloekxbv6seesizb"
00-0036939,"https://static.www.nfl.com/image/upload/f_auto,q_auto/league/k7gz0gln5napurgaiigj"
00-0036945,"https://static.www.nfl.com/image/upload/f_auto,q_auto/league/npjrombgxkc5vjkctcgy"
00-0036946,"https://static.www.nfl.com/image/private/f_auto,q_auto/league/gkyy94nwpf2z7eecwvbw"
00-0036950,"https://static.www.nfl.com/image/upload/f_auto,q_auto/league/udxcy5ukuuppfhemywfn"
00-0036951,"https://static.www.nfl.com/image/private/f_auto,q_auto/league/ctfcyiif8irphwslbqur"
00-0036955,"https://static.www.nfl.com/image/upload/f_auto,q_auto/league/a2yarai1371wellve3nq"
00-0036959,"https://static.www.nfl.com/image/upload/f_auto,q_auto/league/bcashgwve9ean9pq8egb"
00-0036963,"https://static.www.nfl.com/image/upload/f_auto,q_auto/league/fd8nwhm6pvxfyzphzl6i"
00-0036970,"https://static.www.nfl.com/image/upload/f_auto,q_auto/league/xczipzxvytnmvgznhhb4"
00-0036971,"https://static.www.nfl.com/image/upload/f_auto,q_auto/league/k9uzdernqkx7oquy7dkg"
00-0036972,"https://static.www.nfl.com/image/upload/f_auto,q_auto/league/mbdwfwiuhl0ib5ajtmzq"
00-0036973,"https://static.www.nfl.com/image/upload/f_auto,q_auto/league/pwko5dybmjie8qqo4qz2"
00-0036980,"https://static.www.nfl.com/image/upload/f_auto,q_auto/league/wax90oyx9vs0x9j4nt5n"
00-0036984,"https://static.www.nfl.com/image/upload/f_auto,q_auto/league/eqhl3xiczodsyqlmsxvr"
00-0036988,"https://static.www.nfl.com/image/upload/f_auto,q_auto/league/woswdfrtxnsfgzsjvsxx"
00-0036991,"https://static.www.nfl.com/image/private/f_auto,q_auto/league/g85ohsk2pgbf7xz2f1a8"
00-0036997,"https://static.www.nfl.com/image/upload/f_auto,q_auto/league/xvwroirev2kie6oiphtz"
00-0036999,"https://static.www.nfl.com/image/upload/f_auto,q_auto/league/wqrxhwwlgpjkb6w8edgo"
00-0037004,"https://static.www.nfl.com/image/upload/f_auto,q_auto/league/wlj6sdfj5qcy8bt2qyxb"
00-0037005,"https://static.www.nfl.com/image/upload/f_auto,q_auto/league/t7wjikfv09d3o1q7wjdx"
00-0037011,"https://static.www.nfl.com/image/upload/f_auto,q_auto/league/hcsuglnch88wtxp9emcv"
00-0037012,"https://static.www.nfl.com/image/upload/f_auto,q_auto/league/j3psmvvxo13kmbgi60ej"
00-0037013,"https://static.www.nfl.com/image/upload/f_auto,q_auto/league/i17xpbsar7evcypbhtel"
00-0037031,"https://static.www.nfl.com/image/upload/f_auto,q_auto/league/monk9ruop1ec5bfysiwl"
00-0037039,"https://static.www.nfl.com/image/private/f_auto,q_auto/league/tilktuhfb5feav8gwtdn"
00-0037055,"https://static.www.nfl.com/image/upload/f_auto,q_auto/league/zy0zbm17y7btaqiquhjz"
00-0037077,"https://static.www.nfl.com/image/upload/f_auto,q_auto/league/sx77bippywnl0dx6m8q9"
00-0037078,"https://static.www.nfl.com/image/upload/f_auto,q_auto/league/tuoxojttzngaook6qbde"
00-0037085,"https://static.www.nfl.com/image/upload/f_auto,q_auto/league/ghhul5piv9vzeih6atsj"
00-0037086,"https://static.www.nfl.com/image/upload/f_auto,q_auto/league/inpyxw55sxo96shrt4si"
00-0037087,"https://static.www.nfl.com/image/private/f_auto,q_auto/league/c7caisxuupzlxa0vxlln"
00-0037091,"https://static.www.nfl.com/image/upload/f_auto,q_auto/league/d7hxvsyeufobjykcxhls"
00-0037093,"https://static.www.nfl.com/image/upload/f_auto,q_auto/league/xd0585sr1fy1wpry0ued"
00-0037098,"https://static.www.nfl.com/image/upload/f_auto,q_auto/league/k6s7xiugz2wgqjc7zsny"
00-0037112,"https://static.www.nfl.com/image/upload/f_auto,q_auto/league/z6goxhdhfc2m0rmwvtbl"
00-0037120,"https://static.www.nfl.com/image/upload/f_auto,q_auto/league/zqmesi6fwv82lhfzlht6"
00-0037132,"https://static.www.nfl.com/image/upload/f_auto,q_auto/league/jgvgr3prtme8ua28bfxi"
00-0037156,"https://static.www.nfl.com/image/upload/f_auto,q_auto/league/heeyyjyf5prqas5tmwvk"
00-0037157,"https://static.www.nfl.com/image/upload/f_auto,q_auto/league/mjxnlzlnnwlfqayeybut"
00-0037168,"https://static.www.nfl.com/image/upload/f_auto,q_auto/league/g6lmbmhaju4jkhkcbk8u"
00-0037175,"https://static.www.nfl.com/image/private/f_auto,q_auto/league/wsbie1tqhz6uwtf49tmj"
00-0037185,"https://static.www.nfl.com/image/upload/f_auto,q_auto/league/pus36hs7jwm9vvdxmqta"
00-0037197,"https://static.www.nfl.com/image/upload/f_auto,q_auto/league/hkqb4imkum3vxxkwuetl"
00-0037216,"https://static.www.nfl.com/image/private/f_auto,q_auto/league/sdhlpsccscg6u97qy3ef"
00-0037228,"https://static.www.nfl.com/image/upload/f_auto,q_auto/league/dkiteytgnxar1mpaxcxv"
00-0037231,"https://static.www.nfl.com/image/upload/f_auto,q_auto/league/fh2yaqaxkornxeb7d9ie"
00-0037238,"https://static.www.nfl.com/image/upload/f_auto,q_auto/league/mcllowcfrmmdeo4zy3g1"
00-0037239,"https://static.www.nfl.com/image/upload/f_auto,q_auto/league/onmxufsprtvglhejg94o"
00-0037240,"https://static.www.nfl.com/image/upload/f_auto,q_auto/league/byiptqggtglvy5qrw5wp"
00-0037247,"https://static.www.nfl.com/image/upload/f_auto,q_auto/league/cbpyykoguf7rsxezqzvk"
00-0037248,"https://static.www.nfl.com/image/upload/f_auto,q_auto/league/anjbznqb9i21wzcgrtbs"
00-0037252,"https://static.www.nfl.com/image/upload/f_auto,q_auto/league/kw4cwgjl4kywh6le4sfh"
00-0037256,"https://static.www.nfl.com/image/upload/f_auto,q_auto/league/wtdhs50gcl2p6vngsnre"
00-0037257,"https://static.www.nfl.com/image/private/f_auto,q_auto/league/otv2kkn3lxonp9z43bdj"
00-0037258,"https://static.www.nfl.com/image/upload/f_auto,q_auto/league/oai3defivyfyofxxh4ux"
00-0037261,"https://static.www.nfl.com/image/upload/f_auto,q_auto/league/syvp3hficobwcsim3i9v"
00-0037263,"https://static.www.nfl.com/image/upload/f_auto,q_auto/league/sp9lhhmpv4qy3xy2msxd"
00-0037265,"https://static.www.nfl.com/image/upload/f_auto,q_auto/league/hkoa2nrn7xnco6kibhpg"
00-0037267,"https://static.www.nfl.com/image/upload/f_auto,q_auto/league/rntmoum7ncnyo5j2bdei"
00-0037272,"https://static.www.nfl.com/image/upload/f_auto,q_auto/league/tmuoypdqpak2ork1rfg0"
00-0037273,"https://static.www.nfl.com/image/upload/f_auto,q_auto/league/zktgqqc4vywgapt85rmx"
00-0037276,"https://static.www.nfl.com/image/upload/f_auto,q_auto/league/dmprsfd75phecgmbkf4l"
00-0037277,"https://static.www.nfl.com/image/upload/f_auto,q_auto/league/adwepaexueevxdcqjhyf"
00-0037282,"https://static.www.nfl.com/image/upload/f_auto,q_auto/league/q8b9goebgmuwusl6vqdc"
00-0037286,"https://static.www.nfl.com/image/private/f_auto,q_auto/league/jlqnwxuwbkoscvv9kz5h"
00-0037291,"https://static.www.nfl.com/image/upload/f_auto,q_auto/league/nojopyt8hxuwycxyaokb"
00-0037292,"https://static.www.nfl.com/image/upload/f_auto,q_auto/league/wvcrk0ygv3coprxj4cnt"
00-0037299,"https://static.www.nfl.com/image/upload/f_auto,q_auto/league/fa4if2wnlgsmjmkcnxke"
00-0037300,"https://static.www.nfl.com/image/private/f_auto,q_auto/league/qlps63mn8jfsvqgf7cub"
00-0037304,"https://static.www.nfl.com/image/upload/f_auto,q_auto/league/nbbhxtutzvbj0ejljyyp"
00-0037306,"https://static.www.nfl.com/image/upload/f_auto,q_auto/league/kopyksw2p51nivtldayc"
00-0037311,"https://static.www.nfl.com/image/upload/f_auto,q_auto/league/whd4f9mav6qqckqltqwu"
00-0037317,"https://static.www.nfl.com/image/upload/f_auto,q_auto/league/cdidnsvt1we5d7ffnjbo"
00-0037324,"https://static.www.nfl.com/image/upload/f_auto,q_auto/league/qnyw1gqkqfll2lxppzlv"
00-0037327,"https://static.www.nfl.com/image/upload/f_auto,q_auto/league/estx7utxpnqif0lto9cq"
00-0037329,"https://static.www.nfl.com/image/upload/f_auto,q_auto/league/xo28viloq6rjkgca3gpz"
00-0037331,"https://static.www.nfl.com/image/upload/f_auto,q_auto/league/ukufchhtmgcrw3fwc23l"
00-0037340,"https://static.www.nfl.com/image/upload/f_auto,q_auto/league/kx728asxtg6ykmh1yblc"
00-0037348,"https://static.www.nfl.com/image/upload/f_auto,q_auto/league/hya7vfgtuyx5k4tnhmic"
00-0037355,"https://static.www.nfl.com/image/upload/f_auto,q_auto/league/gmfwtnng8jnsnjrhexvx"
00-0037380,"https://static.www.nfl.com/image/upload/f_auto,q_auto/league/j4pxqpw02oztmctolcdr"
00-0037382,"https://static.www.nfl.com/image/upload/f_auto,q_auto/league/pjdx1jdr9snczoeyevli"
00-0037387,"https://static.www.nfl.com/image/upload/f_auto,q_auto/league/i9ebia0j5dp78tpgcmpx"
00-0037410,"https://static.www.nfl.com/image/upload/f_auto,q_auto/league/ovzlcbe1osd6ugfxu55d"
00-0037420,"https://static.www.nfl.com/image/private/f_auto,q_auto/league/emeqage9tq2mlpnlkzl9"
00-0037422,"https://static.www.nfl.com/image/upload/f_auto,q_auto/league/edqjtpuwrzqqbwtne9a5"
00-0037429,"https://static.www.nfl.com/image/upload/f_auto,q_auto/league/hzdyiuzm78dpedlcicwy"
00-0037450,"https://static.www.nfl.com/image/upload/f_auto,q_auto/league/tixxelivpmdjeq2wjdo6"
00-0037451,"https://static.www.nfl.com/image/upload/f_auto,q_auto/league/wdqerph3lu151tifksgo"
00-0037456,"https://static.www.nfl.com/image/upload/f_auto,q_auto/league/niy18wy5q5gpnara4xyn"
00-0037475,"https://static.www.nfl.com/image/upload/f_auto,q_auto/league/g8mtiyojkmj8vwzmg0ez"
00-0037487,"https://static.www.nfl.com/image/upload/f_auto,q_auto/league/hohgyaldfuylxqwnb8i2"
00-0037506,"https://static.www.nfl.com/image/upload/f_auto,q_auto/league/stshlkkfc995vk5tuhtd"
00-0037509,"https://static.www.nfl.com/image/upload/f_auto,q_auto/league/t2e5ffjyc1iimyxufxjs"
00-0037524,"https://static.www.nfl.com/image/upload/f_auto,q_auto/league/ttdp5v9tl0zqmb0dmmuv"
00-0037525,"https://static.www.nfl.com/image/upload/f_auto,q_auto/league/qeeucinnxl8mpzaw23hc"
00-0037539,"https://static.www.nfl.com/image/upload/f_auto,q_auto/league/eolvpkk5jjmipuqmf5v6"
00-0037545,"https://static.www.nfl.com/image/upload/f_auto,q_auto/league/ku2naisfbxmzgagxojnm"
00-0037557,"https://static.www.nfl.com/image/upload/f_auto,q_auto/league/t9l7jhs1jw1joy8jpxee"
00-0037563,"https://static.www.nfl.com/image/upload/f_auto,q_auto/league/zvranxxyt8qeihn8c2q9"
00-0037569,"https://static.www.nfl.com/image/upload/f_auto,q_auto/league/d8plvjsvwdadr1ap93ci"
00-0037570,"https://static.www.nfl.com/image/upload/f_auto,q_auto/league/nq77jbtjvci25d4uyzsn"
00-0037581,"https://static.www.nfl.com/image/private/f_auto,q_auto/league/hznztzp6rmnyt2aqlwyo"
00-0037594,"https://static.www.nfl.com/image/upload/f_auto,q_auto/league/bkhv6hpjogvs5b31wwrs"
00-0037609,"https://static.www.nfl.com/image/upload/f_auto,q_auto/league/iujjn4h87hwnj9tswfey"
00-0037614,"https://static.www.nfl.com/image/upload/f_auto,q_auto/league/nsjpnskeldxzbzckpfgg"
00-0037617,"https://static.www.nfl.com/image/upload/f_auto,q_auto/league/n9jwsfxyo1xppmhscpik"
00-0037654,"https://static.www.nfl.com/image/upload/f_auto,q_auto/league/yqaco04wjatmxlmxpq1y"
00-0037664,"https://static.www.nfl.com/image/upload/f_auto,q_auto/league/qcg9t51wgp3hicavmkmy"
00-0037666,"https://static.www.nfl.com/image/upload/f_auto,q_auto/league/dthrzudnyh1mcrh1det2"
00-0037708,"https://static.www.nfl.com/image/upload/f_auto,q_auto/league/pazurakagfrtauxfbi8v"
00-0037740,"https://static.www.nfl.com/image/upload/f_auto,q_auto/league/upxwxmhdd8xluztgqwhe"
00-0037741,"https://static.www.nfl.com/image/upload/f_auto,q_auto/league/gwuibfw7ljxudxtldcvh"
00-0037742,"https://static.www.nfl.com/image/upload/f_auto,q_auto/league/bmozbzdxgnnwdniuvgnn"
00-0037744,"https://static.www.nfl.com/image/upload/f_auto,q_auto/league/psasp10nn5pcvkli9kil"
00-0037745,"https://static.www.nfl.com/image/upload/f_auto,q_auto/league/d4y5fxivhcxk34q7stpb"
00-0037746,"https://static.www.nfl.com/image/upload/f_auto,q_auto/league/n1xhex1ytisxcbcggqu7"
00-0037755,"https://static.www.nfl.com/image/upload/f_auto,q_auto/league/bnezem4laynlarqnpyc5"
00-0037801,"https://static.www.nfl.com/image/upload/f_auto,q_auto/league/tayjlp1hgmm6rewgl1k4"
00-0037805,"https://static.www.nfl.com/image/upload/f_auto,q_auto/league/bcqcta7r1uee3rqhejdh"
00-0037809,"https://static.www.nfl.com/image/upload/f_auto,q_auto/league/pzcez6pi9tpdqkmjjnzk"
00-0037816,"https://static.www.nfl.com/image/upload/f_auto,q_auto/league/yxvzijmgwyyigljxfmyb"
00-0037827,"https://static.www.nfl.com/image/upload/f_auto,q_auto/league/np2ljgazwwq6sh9015qs"
00-0037828,"https://static.www.nfl.com/image/upload/f_auto,q_auto/league/qu9ojb3kaf3rhjotlycy"
00-0037834,"https://static.www.nfl.com/image/upload/f_auto,q_auto/league/xs2fyj1sqdgwvt9ihbri"
00-0037837,"https://static.www.nfl.com/image/private/f_auto,q_auto/league/qlt6ztqcbu0uzad6aavt"
00-0037838,"https://static.www.nfl.com/image/upload/f_auto,q_auto/league/b1pahldt9ixp9lssxi2d"
00-0037840,"https://static.www.nfl.com/image/upload/f_auto,q_auto/league/xti3pek6rmojqchakxpy"
00-0038040,"https://static.www.nfl.com/image/upload/f_auto,q_auto/league/jzthyqk2ld52f31ka1ir"
00-0038041,"https://static.www.nfl.com/image/upload/f_auto,q_auto/league/xpykb0tbosfwsn6dqstb"
00-0038045,"https://static.www.nfl.com/image/upload/f_auto,q_auto/league/msdwytjm5qjxe336lmnv"
00-0038046,"https://static.www.nfl.com/image/upload/f_auto,q_auto/league/g75ws8vkqz9cqwifhcy7"
00-0038090,"https://static.www.nfl.com/image/upload/f_auto,q_auto/league/id9k0aylvgyq8lulabe3"
00-0038092,"https://static.www.nfl.com/image/upload/f_auto,q_auto/league/z5fkw0w6ylpkumdxcpcv"
00-0038098,"https://static.www.nfl.com/image/upload/f_auto,q_auto/league/aa0nufst85vutgor1fqv"
00-0038102,"https://static.www.nfl.com/image/upload/f_auto,q_auto/league/gw6lyiuevyuspfkglnmj"
00-0038104,"https://static.www.nfl.com/image/upload/f_auto,q_auto/league/bjqzuempyiwxe0hl7e5a"
00-0038108,"https://static.www.nfl.com/image/upload/f_auto,q_auto/league/b6ntwwdcbjnzv2gml8tk"
00-0038115,"https://static.www.nfl.com/image/upload/f_auto,q_auto/league/nvabdu88h2cvroeygabo"
00-0038117,"https://static.www.nfl.com/image/upload/f_auto,q_auto/league/yzcvyhmilvxedfjfjglc"
00-0038120,"https://static.www.nfl.com/image/upload/f_auto,q_auto/league/i01xtqbfajfq68lb6orh"
00-0038122,"https://static.www.nfl.com/image/upload/f_auto,q_auto/league/rhpusa7pfgd82d9ui6y7"
00-0038124,"https://static.www.nfl.com/image/upload/f_auto,q_auto/league/tumeg4d32sirkab2xzu5"
00-0038128,"https://static.www.nfl.com/image/upload/f_auto,q_auto/league/txvgdbwbryzyyqq6gfet"
00-0038129,"https://static.www.nfl.com/image/upload/f_auto,q_auto/league/yanr6h9aplae3jyzimf7"
00-0038134,"https://static.www.nfl.com/image/upload/f_auto,q_auto/league/vk6nruaqdewdglofcwwg"
00-0038147,"https://static.www.nfl.com/image/private/f_auto,q_auto/league/azk4fbf1r56sykzhjcku"
00-0038149,"https://static.www.nfl.com/image/upload/f_auto,q_auto/league/edhkntjh0dfw3yvb7xau"
00-0038359,"https://static.www.nfl.com/image/upload/f_auto,q_auto/league/hqvwpitewijx8bjrcofe"
00-0038389,"https://static.www.nfl.com/image/upload/f_auto,q_auto/league/mt7lgg9gbjcmb2wttxeg"
00-0038391,"https://static.www.nfl.com/image/upload/f_auto,q_auto/league/v0tmzl4x5qf2fo2yimqf"
00-0038393,"https://static.www.nfl.com/image/upload/f_auto,q_auto/league/v1lt8kpvkn0qw5elyaoz"
00-0038394,"https://static.www.nfl.com/image/upload/f_auto,q_auto/league/sl1pkiox1hucg9sxttfi"
00-0038396,"https://static.www.nfl.com/image/upload/f_auto,q_auto/league/ijjxwxv1ccyowzhpuw2k"
00-0038397,"https://static.www.nfl.com/image/upload/f_auto,q_auto/league/xyyujk9mvvzegaiefp51"
00-0038400,"https://static.www.nfl.com/image/upload/f_auto,q_auto/league/oveivzhzv13jrfvkp8zg"
00-0038409,"https://static.www.nfl.com/image/upload/f_auto,q_auto/league/plqg1yngo8vvs8ths7aw"
00-0038416,"https://static.www.nfl.com/image/upload/f_auto,q_auto/league/ymimvligfyrucu0v3p6a"
00-0038440,"https://static.www.nfl.com/image/upload/f_auto,q_auto/league/z8sqpgdoyuv5rask15vn"
00-0038454,"https://static.www.nfl.com/image/upload/f_auto,q_auto/league/ztciwwpbyaffmckwrzdk"
00-0038456,"https://static.www.nfl.com/image/upload/f_auto,q_auto/league/mghciy5zhnaxa6v097yj"
00-0038458,"https://static.www.nfl.com/image/upload/f_auto,q_auto/league/nig1vy9k1asfhkanvlki"
00-0038465,"https://static.www.nfl.com/image/upload/f_auto,q_auto/league/gtvkkadrxfzlj1qxshhx"
00-0038468,"https://static.www.nfl.com/image/private/f_auto,q_auto/league/nwuhn6inss8ksuvqtrrc"
00-0038476,"https://static.www.nfl.com/image/upload/f_auto,q_auto/league/hb3m2zbfb5aprw6vdqx8"
00-0038477,"https://static.www.nfl.com/image/upload/f_auto,q_auto/league/tpgo4wfllzjx9l703nhb"
00-0038488,"https://static.www.nfl.com/image/upload/f_auto,q_auto/league/vfz3osmr3fgeoyu5us80"
00-0038489,"https://static.www.nfl.com/image/upload/f_auto,q_auto/league/ncnb1nwr2b1usus557xy"
00-0038492,"https://static.www.nfl.com/image/upload/f_auto,q_auto/league/gnqpsix71nvcuclltghc"
00-0038496,"https://static.www.nfl.com/image/upload/f_auto,q_auto/league/o81mvslx374ouca313mw"
00-0038498,"https://static.www.nfl.com/image/upload/f_auto,q_auto/league/jmhuk0gcnyotcjhdxo6v"
00-0038507,"https://static.www.nfl.com/image/upload/f_auto,q_auto/league/ytrkyhuvudbeuc90zuok"
00-0038519,"https://static.www.nfl.com/image/upload/f_auto,q_auto/league/n6b1tsy32fswbd0xgsim"
00-0038542,"https://static.www.nfl.com/image/upload/f_auto,q_auto/league/esii5yb8yn9edboi4mlq"
00-0038543,"https://static.www.nfl.com/image/upload/f_auto,q_auto/league/yx1xjrupbqdknnjaq4a6"
00-0038544,"https://static.www.nfl.com/image/upload/f_auto,q_auto/league/lyvsrjh4mjb4dqwp6shm"
00-0038547,"https://static.www.nfl.com/image/upload/f_auto,q_auto/league/g1slhy5joxxfeudlzrh9"
00-0038550,"https://static.www.nfl.com/image/upload/f_auto,q_auto/league/jq92ol8hm5n7byqhpcps"
00-0038551,"https://static.www.nfl.com/image/upload/f_auto,q_auto/league/vclaomtslw55smksopku"
00-0038555,"https://static.www.nfl.com/image/upload/f_auto,q_auto/league/vfkdjfpiyrcuzahrmfvn"
00-0038558,"https://static.www.nfl.com/image/upload/f_auto,q_auto/league/inwx7uipfktapaump5pj"
00-0038559,"https://static.www.nfl.com/image/upload/f_auto,q_auto/league/hm2b9z4zujjmbiyldh8n"
00-0038563,"https://static.www.nfl.com/image/upload/f_auto,q_auto/league/hazzk3hrcequzosdgzgv"
00-0038564,"https://static.www.nfl.com/image/upload/f_auto,q_auto/league/hquihmithkmhoncvkqwt"
00-0038573,"https://static.www.nfl.com/image/upload/f_auto,q_auto/league/ykmeihbr6903smvblzgc"
00-0038576,"https://static.www.nfl.com/image/upload/f_auto,q_auto/league/poy4ph18jx211xbe6ajt"
00-0038579,"https://static.www.nfl.com/image/upload/f_auto,q_auto/league/bcejxo7ofgk5pszhup12"
00-0038582,"https://static.www.nfl.com/image/upload/f_auto,q_auto/league/qf8khbyllgjzfyqd3yuz"
00-0038583,"https://static.www.nfl.com/image/upload/f_auto,q_auto/league/ujuyt3hpswlin3aahmhu"
00-0038589,"https://static.www.nfl.com/image/upload/f_auto,q_auto/league/an9hxzbzmg6kgkdai022"
00-0038590,"https://static.www.nfl.com/image/upload/f_auto,q_auto/league/htymyxoyw1hh52zoo3lb"
00-0038597,"https://static.www.nfl.com/image/upload/f_auto,q_auto/league/tch3y6jlj7khvyi9jg0c"
00-0038598,"https://static.www.nfl.com/image/upload/f_auto,q_auto/league/ki7jq97gzu1dv16hi4jq"
00-0038606,"https://static.www.nfl.com/image/upload/f_auto,q_auto/league/yn0hc5xrz5nqeccg8two"
00-0038608,"https://static.www.nfl.com/image/upload/f_auto,q_auto/league/mg4icjqhwhnc5uobmau5"
00-0038611,"https://static.www.nfl.com/image/upload/f_auto,q_auto/league/pknd5uajvpvfd8c744im"
00-0038612,"https://static.www.nfl.com/image/upload/f_auto,q_auto/league/ctnvhmwcin0vif2gunca"
00-0038618,"https://static.www.nfl.com/image/upload/f_auto,q_auto/league/n5baiu6sg9wh3xhhewkd"
00-0038619,"https://static.www.nfl.com/image/upload/f_auto,q_auto/league/xhrvbt81iohroyftuyj2"
00-0038621,"https://static.www.nfl.com/image/upload/f_auto,q_auto/league/cm9vnzqu5phlmsocjwgc"
00-0038622,"https://static.www.nfl.com/image/upload/f_auto,q_auto/league/z8lnunc6vvq9qlnidaw3"
00-0038627,"https://static.www.nfl.com/image/upload/f_auto,q_auto/league/x5jwwdjpwiwe5sdtjzsd"
00-0038632,"https://static.www.nfl.com/image/upload/f_auto,q_auto/league/asnykoet55r5qhhewijc"
00-0038636,"https://static.www.nfl.com/image/upload/f_auto,q_auto/league/ysygpo0sm8rbptosqrrc"
00-0038640,"https://static.www.nfl.com/image/upload/f_auto,q_auto/league/xeg0tvg6klf0afgddkq6"
00-0038643,"https://static.www.nfl.com/image/upload/f_auto,q_auto/league/sdifjifrgrvunhiigdub"
00-0038647,"https://static.www.nfl.com/image/upload/f_auto,q_auto/league/oc0bqykntgi6uiczr7zc"
00-0038656,"https://static.www.nfl.com/image/private/f_auto,q_auto/league/pza5mwdk8hlnkdxi03at"
00-0038658,"https://static.www.nfl.com/image/upload/f_auto,q_auto/league/uxqlgiljk3wecurnynmg"
00-0038667,"https://static.www.nfl.com/image/upload/f_auto,q_auto/league/jdwpqogatij3pqncde1l"
00-0038678,"https://static.www.nfl.com/image/upload/f_auto,q_auto/league/nvamfcrdqvkwtnpgmzdh"
00-0038679,"https://static.www.nfl.com/image/upload/f_auto,q_auto/league/r9nabownt8mbqlj730su"
00-0038685,"https://static.www.nfl.com/image/upload/f_auto,q_auto/league/ityat7ltppdxe9t0imjd"
00-0038705,"https://static.www.nfl.com/image/upload/f_auto,q_auto/league/wu0sm9ttr4aiugi9fquf"
00-0038710,"https://static.www.nfl.com/image/upload/f_auto,q_auto/league/senw8edxu2ovkg1dbdxs"
00-0038720,"https://static.www.nfl.com/image/upload/f_auto,q_auto/league/idjirwpxilfybc74zhwr"
00-0038728,"https://static.www.nfl.com/image/upload/f_auto,q_auto/league/ykhrjnmqsqyprplhy6pl"
00-0038735,"https://static.www.nfl.com/image/upload/f_auto,q_auto/league/dh67wj7xhek86nhyucig"
00-0038738,"https://static.www.nfl.com/image/upload/f_auto,q_auto/league/m28qafff4o5vb3aaumiv"
00-0038740,"https://static.www.nfl.com/image/upload/f_auto,q_auto/league/key7qkukzlgva9oz7k2r"
00-0038752,"https://static.www.nfl.com/image/upload/f_auto,q_auto/league/esyfp5hwdtepk2ypsru4"
00-0038783,"https://static.www.nfl.com/image/upload/f_auto,q_auto/league/hedaw0ksq5qdzp9uhe3w"
00-0038794,"https://static.www.nfl.com/image/upload/f_auto,q_auto/league/jlzkji7mfkcmkyz2tygj"
00-0038797,"https://static.www.nfl.com/image/upload/f_auto,q_auto/league/uorruvczsxzvffpbxu8z"
00-0038809,"https://static.www.nfl.com/image/upload/f_auto,q_auto/league/ew1gt7xokysjzgksmzfq"
00-0038821,"https://static.www.nfl.com/image/upload/f_auto,q_auto/league/clvmliknnulpmcoofvik"
00-0038824,"https://static.www.nfl.com/image/upload/f_auto,q_auto/league/g7bpkzvg0xyww8weku0r"
00-0038839,"https://static.www.nfl.com/image/upload/f_auto,q_auto/league/t4h8qtzndtvf6is6naew"
00-0038840,"https://static.www.nfl.com/image/upload/f_auto,q_auto/league/isc094ihkf69vzrlkiql"
00-0038862,"https://static.www.nfl.com/image/upload/f_auto,q_auto/league/yx9vzbdqe6khlgdanbk3"
00-0038891,"https://static.www.nfl.com/image/upload/f_auto,q_auto/league/pimh65yyziduaq7vbmi5"
00-0038896,"https://static.www.nfl.com/image/upload/f_auto,q_auto/league/wunm6abfmikwaewmwkp7"
00-0038911,"https://static.www.nfl.com/image/upload/f_auto,q_auto/league/pspxhbxgnqanfsrcf7ux"
00-0038920,"https://static.www.nfl.com/image/private/f_auto,q_auto/league/gx0qdhwr7pdetd83ifcw"
00-0038933,"https://static.www.nfl.com/image/upload/f_auto,q_auto/league/z7k857flehljboaixj8m"
00-0038935,"https://static.www.nfl.com/image/upload/f_auto,q_auto/league/devxzxwf1sfficgncggm"
00-0038938,"https://static.www.nfl.com/image/upload/f_auto,q_auto/league/fqgvjckxe03pr4eup6m7"
00-0038941,"https://static.www.nfl.com/image/upload/f_auto,q_auto/league/lmtqp0nnsglmo6ypp1ec"
00-0038951,"https://static.www.nfl.com/image/upload/f_auto,q_auto/league/wiarwjvy8p6bojlratp4"
00-0038953,"https://static.www.nfl.com/image/upload/f_auto,q_auto/league/xyexcy7ur9nscytyhinx"
00-0038969,"https://static.www.nfl.com/image/upload/f_auto,q_auto/league/jgrj4b7pqoigggkcms80"
00-0038976,"https://static.www.nfl.com/image/upload/f_auto,q_auto/league/zbdjtph5xplbf4yocz0l"
00-0038977,"https://static.www.nfl.com/image/upload/f_auto,q_auto/league/dzjep37g7fqdweqtncso"
00-0038979,"https://static.www.nfl.com/image/upload/f_auto,q_auto/league/xust9v3gob1qqwhziugh"
00-0038994,"https://static.www.nfl.com/image/upload/f_auto,q_auto/league/mi4lzk9gvjrvo6rwdf1e"
00-0038996,"https://static.www.nfl.com/image/upload/f_auto,q_auto/league/n6vu44jbq31rydoaadaq"
00-0038997,"https://static.www.nfl.com/image/upload/f_auto,q_auto/league/z3wahaxpmc6d5lcxgh60"
00-0038998,"https://static.www.nfl.com/image/upload/f_auto,q_auto/league/jfxyp1qkekty7jwh5kcr"
00-0039021,"https://static.www.nfl.com/image/upload/f_auto,q_auto/league/xbham6uvckkshpntb8oj"
00-0039032,"https://static.www.nfl.com/image/upload/f_auto,q_auto/league/pkly3nkohty1tuijtwty"
00-0039040,"https://static.www.nfl.com/image/upload/f_auto,q_auto/league/xk1xwio0bryfxo1ylweu"
00-0039041,"https://static.www.nfl.com/image/upload/f_auto,q_auto/league/qgvtaa0gekopg4ad6vqe"
00-0039050,"https://static.www.nfl.com/image/upload/f_auto,q_auto/league/emibbexzjbzvopbvo1at"
00-0039052,"https://static.www.nfl.com/image/upload/f_auto,q_auto/league/cdtzofb5u510xjh08qr4"
00-0039062,"https://static.www.nfl.com/image/upload/f_auto,q_auto/league/u2b8s2s0ix5hntyg3eog"
00-0039064,"https://static.www.nfl.com/image/upload/f_auto,q_auto/league/xzhto2dejy2pflkfx40c"
00-0039065,"https://static.www.nfl.com/image/upload/f_auto,q_auto/league/wxlk7ysg2nfq6h6ntdcu"
00-0039066,"https://static.www.nfl.com/image/upload/f_auto,q_auto/league/twnkr9uq1phvukxb5jmh"
00-0039067,"https://static.www.nfl.com/image/upload/f_auto,q_auto/league/qhkbqrydjeur8zvrrmfl"
00-0039074,"https://static.www.nfl.com/image/upload/f_auto,q_auto/league/iweydtcrfchsl3mt6jtd"
00-0039075,"https://static.www.nfl.com/image/upload/f_auto,q_auto/league/ipy6qw7hdygdfc8k86ba"
00-0039136,"https://static.www.nfl.com/image/upload/f_auto,q_auto/league/i2hxbdi464do6jaxgpua"
00-0039139,"https://static.www.nfl.com/image/upload/f_auto,q_auto/league/cursejnmmp1i9hnxihkj"
00-0039144,"https://static.www.nfl.com/image/upload/f_auto,q_auto/league/jchchyfhiycpvm5zzn2y"
00-0039146,"https://static.www.nfl.com/image/upload/f_auto,q_auto/league/uhb95fij1uo92ymqxpmg"
00-0039150,"https://static.www.nfl.com/image/upload/f_auto,q_auto/league/vcvhmxvxw2a3armle0af"
00-0039152,"https://static.www.nfl.com/image/upload/f_auto,q_auto/league/npovrxpll0gqlkptsn6r"
00-0039163,"https://static.www.nfl.com/image/upload/f_auto,q_auto/league/tt4zrtxlhifaljhj0rn7"
00-0039164,"https://static.www.nfl.com/image/upload/f_auto,q_auto/league/wrddeyklfcgk9qybgofq"
00-0039165,"https://static.www.nfl.com/image/upload/f_auto,q_auto/league/cuuyog0lpxfaj0y0huvp"
00-0039230,"https://static.www.nfl.com/image/upload/f_auto,q_auto/league/cuzuhj2cpwixrscfruc0"
00-0039236,"https://static.www.nfl.com/image/upload/f_auto,q_auto/league/azz7slr16byvcvbnaifa"
00-0039244,"https://static.www.nfl.com/image/upload/f_auto,q_auto/league/ljfhyvlszo4qs63fo4ow"
00-0039266,"https://static.www.nfl.com/image/upload/f_auto,q_auto/league/zz9yrqh5ep6o5hvtwzkq"
00-0039299,"https://static.www.nfl.com/image/upload/f_auto,q_auto/league/pgwvv5qhcmnwf3tomy1a"
00-0039305,"https://static.www.nfl.com/image/upload/f_auto,q_auto/league/zpo5vbntn8b9hih2fi66"
00-0039316,"https://static.www.nfl.com/image/upload/f_auto,q_auto/league/pcvvfurbbzefkwnojcid"
00-0039325,"https://static.www.nfl.com/image/upload/f_auto,q_auto/league/q6dciqten6frfdm1takb"
00-0039337,"https://static.www.nfl.com/image/upload/f_auto,q_auto/league/w3edoyyuomqlovvp9ixc"
00-0039338,"https://static.www.nfl.com/image/upload/f_auto,q_auto/league/waorceny0ggpaeckaol8"
00-0039342,"https://static.www.nfl.com/image/upload/f_auto,q_auto/league/yoyxkitrdqbkhyqncy5p"
00-0039344,"https://static.www.nfl.com/image/upload/f_auto,q_auto/league/txl39rwjrs2fkm1shtxh"
00-0039355,"https://static.www.nfl.com/image/upload/f_auto,q_auto/league/xtxiwlkniuldrqg65n3q"
00-0039356,"https://static.www.nfl.com/image/upload/f_auto,q_auto/league/le2akm1cbou170ioctxl"
00-0039359,"https://static.www.nfl.com/image/upload/f_auto,q_auto/league/ur3ihcg0rkeqbfiksj5y"
00-0039361,"https://static.www.nfl.com/image/upload/f_auto,q_auto/league/vkc00rvnix3f2b96vkwo"
00-0039363,"https://static.www.nfl.com/image/upload/f_auto,q_auto/league/uy1bdu0dokosyzl4ohmi"
00-0039364,"https://static.www.nfl.com/image/upload/f_auto,q_auto/league/abqcluf2gbejhiyjjtoz"
00-0039365,"https://static.www.nfl.com/image/upload/f_auto,q_auto/league/uarciagmnzmyzs102dv6"
00-0039373,"https://static.www.nfl.com/image/upload/f_auto,q_auto/league/lcoend1mysjfhl8f4rrt"
00-0039376,"https://static.www.nfl.com/image/upload/f_auto,q_auto/league/gcgmcf4kex3jsl4rlrng"
00-0039379,"https://static.www.nfl.com/image/upload/f_auto,q_auto/league/byihyhwwpltzyetas85a"
00-0039384,"https://static.www.nfl.com/image/upload/f_auto,q_auto/league/b9nje50lohbprf06xoom"
00-0039385,"https://static.www.nfl.com/image/upload/f_auto,q_auto/league/nwck4trpye67fej3gm6b"
00-0039386,"https://static.www.nfl.com/image/upload/f_auto,q_auto/league/nnqvulr4up0nwhmipksq"
00-0039391,"https://static.www.nfl.com/image/upload/f_auto,q_auto/league/tqdctdun0bv60d5ziwtl"
00-0039392,"https://static.www.nfl.com/image/upload/f_auto,q_auto/league/f4oqjj2aez3lnnt2wego"
00-0039393,"https://static.www.nfl.com/image/upload/f_auto,q_auto/league/qargp7q40zcnh0tjfc1o"
00-0039394,"https://static.www.nfl.com/image/upload/f_auto,q_auto/league/wkoysykj4htld4yajljn"
00-0039398,"https://static.www.nfl.com/image/upload/f_auto,q_auto/league/tsj9lobse1gxzanf39dt"
00-0039405,"https://static.www.nfl.com/image/upload/f_auto,q_auto/league/mdov6nge0ui6pc3kx0l2"
00-0039407,"https://static.www.nfl.com/image/upload/f_auto,q_auto/league/lpizdza73bgksstymv5t"
00-0039410,"https://static.www.nfl.com/image/upload/f_auto,q_auto/league/tqwq3cgpqu7j9hzoyicx"
00-0039420,"https://static.www.nfl.com/image/upload/f_auto,q_auto/league/wm88pq0ncxo2wuktwqni"
00-0039424,"https://static.www.nfl.com/image/upload/f_auto,q_auto/league/fa3dwsu8nxzkbf2knczm"
00-0039451,"https://static.www.nfl.com/image/upload/f_auto,q_auto/league/rj2etltwzmlxyz1cfkeo"
00-0039458,"https://static.www.nfl.com/image/upload/f_auto,q_auto/league/beeomv1jxgkwgqubgef9"
00-0039471,"https://static.www.nfl.com/image/upload/f_auto,q_auto/league/qzf7faowlqoh5nengpq5"
00-0039489,"https://static.www.nfl.com/image/upload/f_auto,q_auto/league/vkscrzclmd0tboxpi8lk"
00-0039491,"https://static.www.nfl.com/image/upload/f_auto,q_auto/league/yynz8rxen6tsvhojggiv"
00-0039521,"https://static.www.nfl.com/image/upload/f_auto,q_auto/league/bevrgazhjzigxagrb0qo"
00-0039530,"https://static.www.nfl.com/image/upload/f_auto,q_auto/league/sko2pmuqociwa92ep1ad"
00-0039543,"https://static.www.nfl.com/image/upload/f_auto,q_auto/league/cqzhnef7pkr3bkmuwo5q"
00-0039573,"https://static.www.nfl.com/image/upload/f_auto,q_auto/league/fqa3khjrz3ngvq27wgzz"
00-0039577,"https://static.www.nfl.com/image/upload/f_auto,q_auto/league/hkvrcpwl9tm41jr3b0x3"
00-0039589,"https://static.www.nfl.com/image/upload/f_auto,q_auto/league/ms7auybbkq1nwbd2ev0d"
00-0039595,"https://static.www.nfl.com/image/upload/f_auto,q_auto/league/mnptqwcy8vdcsimzfnac"
00-0039603,"https://static.www.nfl.com/image/upload/f_auto,q_auto/league/jethzcwj6oeitvdprnk8"
00-0039613,"https://static.www.nfl.com/image/upload/f_auto,q_auto/league/sps8av7spro1015lpwn1"
00-0039614,"https://static.www.nfl.com/image/upload/f_auto,q_auto/league/kmter0gxx2gk9d5b8wgu"
00-0039617,"https://static.www.nfl.com/image/upload/f_auto,q_auto/league/no7mr4wgu7o2exnmjre8"
00-0039623,"https://static.www.nfl.com/image/upload/f_auto,q_auto/league/jcloxjivlxbcveled5lr"
00-0039631,"https://static.www.nfl.com/image/upload/f_auto,q_auto/league/uay5dmniqx1baal3q3uu"
00-0039648,"https://static.www.nfl.com/image/upload/f_auto,q_auto/league/imh2h5q6jmoqno5xlpwm"
00-0039650,"https://static.www.nfl.com/image/upload/f_auto,q_auto/league/bdsenkkodb8gbdvtivvr"
00-0039686,"https://static.www.nfl.com/image/upload/f_auto,q_auto/league/cgsxdjqy6l2zuqaftbd6"
00-0039703,"https://static.www.nfl.com/image/upload/f_auto,q_auto/league/snrwsjepuvkatdjjokp8"
00-0039710,"https://static.www.nfl.com/image/upload/f_auto,q_auto/league/pwlziiyhd7ectylkejgc"
00-0039732,"https://static.www.nfl.com/image/upload/f_auto,q_auto/league/zvo9xatffmqn9lnukpgk"
00-0039737,"https://static.www.nfl.com/image/upload/f_auto,q_auto/league/yfi3fqch6kzqrcvuptal"
00-0039738,"https://static.www.nfl.com/image/upload/f_auto,q_auto/league/axzqbqjkrbwfzodwwakq"
00-0039739,"https://static.www.nfl.com/image/upload/f_auto,q_auto/league/xuhjoscmhmmsutbvfmrs"
00-0039746,"https://static.www.nfl.com/image/upload/f_auto,q_auto/league/pvpaepncsdfgzdubkuhg"
00-0039747,"https://static.www.nfl.com/image/upload/f_auto,q_auto/league/iaetfkaakeblxepssyj9"
00-0039751,"https://static.www.nfl.com/image/upload/f_auto,q_auto/league/enqcg1lgjkuk0hqz3qjc"
00-0039754,"https://static.www.nfl.com/image/upload/f_auto,q_auto/league/p5mk3qxwrbwdr3y3kt6u"
00-0039757,"https://static.www.nfl.com/image/upload/f_auto,q_auto/league/iddgabjbju6ye5s9mmjg"
00-0039792,"https://static.www.nfl.com/image/upload/f_auto,q_auto/league/x3x3k5ispk44ms0f7vrv"
00-0039793,"https://static.www.nfl.com/image/upload/f_auto,q_auto/league/i0esiguve9if4ts5mm1q"
00-0039794,"https://static.www.nfl.com/image/upload/f_auto,q_auto/league/fmpzgmfjmcbrv1gmqbdn"
00-0039796,"https://static.www.nfl.com/image/upload/f_auto,q_auto/league/zwjrkzu3ia3cfrwgotqt"
00-0039798,"https://static.www.nfl.com/image/upload/f_auto,q_auto/league/x6r9a5xhtaklbvnqmtw7"
00-0039810,"https://static.www.nfl.com/image/upload/f_auto,q_auto/league/t8hbhbctckogm9aod0ea"
00-0039811,"https://static.www.nfl.com/image/upload/f_auto,q_auto/league/xp8sd4enimuk4zd0aqgu"
00-0039814,"https://static.www.nfl.com/image/upload/f_auto,q_auto/league/ifkhcxze7lnxkpzjvsmk"
00-0039816,"https://static.www.nfl.com/image/upload/f_auto,q_auto/league/irctulz9pij3tzpokih0"
00-0039824,"https://static.www.nfl.com/image/upload/f_auto,q_auto/league/qbu14rgh4wchepqsrgb0"
00-0039847,"https://static.www.nfl.com/image/upload/f_auto,q_auto/league/fv2jbzlocr1o3ahkru43"
00-0039849,"https://static.www.nfl.com/image/upload/f_auto,q_auto/league/hwpoo1icpnh8emjvqaii"
00-0039851,"https://static.www.nfl.com/image/upload/f_auto,q_auto/league/s1nmoon2xnrc3bnyulv4"
00-0039853,"https://static.www.nfl.com/image/upload/f_auto,q_auto/league/wlbxcwbm2byh2lnfhlam"
00-0039855,"https://static.www.nfl.com/image/upload/f_auto,q_auto/league/s8tlj5wsi6cq8kjhp06v"
00-0039868,"https://static.www.nfl.com/image/upload/f_auto,q_auto/league/wgfbgxjntyqzojpizgaj"
00-0039874,"https://static.www.nfl.com/image/upload/f_auto,q_auto/league/feeuommtlmpvuxvtb1zt"
00-0039875,"https://static.www.nfl.com/image/upload/f_auto,q_auto/league/xibwzhrl6q5xkgh3utug"
00-0039880,"https://static.www.nfl.com/image/upload/f_auto,q_auto/league/dmaiwnmaal9nrwfskl28"
00-0039884,"https://static.www.nfl.com/image/upload/f_auto,q_auto/league/homslu3sftjfqqnrcmt5"
00-0039890,"https://static.www.nfl.com/image/upload/f_auto,q_auto/league/hwwacoa3pqapd7pgahfx"
00-0039893,"https://static.www.nfl.com/image/upload/f_auto,q_auto/league/plnekkriys4cm11rnxwl"
00-0039894,"https://static.www.nfl.com/image/upload/f_auto,q_auto/league/u6fmnffwteccoxn3uguq"
00-0039901,"https://static.www.nfl.com/image/upload/f_auto,q_auto/league/cm7g87waetksjouyjgvg"
00-0039907,"https://static.www.nfl.com/image/upload/f_auto,q_auto/league/w4hcfpfjrpt0fchb0xmm"
00-0039910,"https://static.www.nfl.com/image/upload/f_auto,q_auto/league/gfz8k5onuqjrche9ogqc"
00-0039912,"https://static.www.nfl.com/image/upload/f_auto,q_auto/league/ilkrv6dqajndnlsbmv8f"
00-0039915,"https://static.www.nfl.com/image/upload/f_auto,q_auto/league/q2sk7yforrkiusvruo1o"
00-0039916,"https://static.www.nfl.com/image/upload/f_auto,q_auto/league/rrv2qhkjqagb8ibzwakv"
00-0039917,"https://static.www.nfl.com/image/upload/f_auto,q_auto/league/mip4kogkqxwkkya6mvmh"
00-0039918,"https://static.www.nfl.com/image/upload/f_auto,q_auto/league/h4qs11kutwiw7whekmyt"
00-0039919,"https://static.www.nfl.com/image/upload/f_auto,q_auto/league/niewdl2p2325kpohbw9v"
00-0039920,"https://static.www.nfl.com/image/upload/f_auto,q_auto/league/lay1p8pvwrglmqorc6ev"
00-0039921,"https://static.www.nfl.com/image/upload/f_auto,q_auto/league/liruc5jotnsi4ue9p9yx"
00-0039923,"https://static.www.nfl.com/image/upload/f_auto,q_auto/league/omybnfokapjw6jwb5dd3"
00-0040009,"https://static.www.nfl.com/image/upload/f_auto,q_auto/league/snmedlu4ra62snufe1qg"
00-0040021,"https://static.www.nfl.com/image/upload/f_auto,q_auto/league/r91conel40ilon72blzb"
00-0040024,"https://static.www.nfl.com/image/upload/f_auto,q_auto/league/pe71oe4eoyyfnq80fkxc"
00-0040039,"https://static.www.nfl.com/image/upload/f_auto,q_auto/league/qw1s7luuaia2f08p19aq"
00-0040058,"https://static.www.nfl.com/image/upload/f_auto,q_auto/league/eetx8ba2ztsmk9wabbzp"
00-0040067,"https://static.www.nfl.com/image/upload/f_auto,q_auto/league/tp3d97gujpw7fkvn7gno"
00-0040075,"https://static.www.nfl.com/image/upload/f_auto,q_auto/league/t6cyhtqoihm88xppswud"
00-0040078,"https://static.www.nfl.com/image/upload/f_auto,q_auto/league/xnf4x6b9a2yunsc0gaej"
00-0040122,"https://static.www.nfl.com/image/upload/f_auto,q_auto/league/syspis1mntov9kgspb7r"
00-0040124,"https://static.www.nfl.com/image/upload/f_auto,q_auto/league/gilgvjemumd6kpc9eiku"
00-0040126,"https://static.www.nfl.com/image/upload/f_auto,q_auto/league/cnxiyi76jeahgx94nh6d"
00-0040128,"https://static.www.nfl.com/image/upload/f_auto,q_auto/league/f1mfwwrr3qvnxuiackgq"
00-0040129,"https://static.www.nfl.com/image/upload/f_auto,q_auto/league/z224kbzs62rjuykc0vha"
00-0040130,"https://static.www.nfl.com/image/upload/f_auto,q_auto/league/s3zuo0ysm9ncxr9o4420"
00-0040131,"https://static.www.nfl.com/image/upload/f_auto,q_auto/league/xkicyhizq6sm86wr5osk"
00-0040134,"https://static.www.nfl.com/image/upload/f_auto,q_auto/league/n91hznzkfpftxhqt1qd9"
00-0040138,"https://static.www.nfl.com/image/upload/f_auto,q_auto/league/ehlm8w4afdqoisx1e6as"
00-0040142,"https://static.www.nfl.com/image/upload/f_auto,q_auto/league/zpzc4oobxi8nr5dyonob"
00-0040154,"https://static.www.nfl.com/image/upload/f_auto,q_auto/league/pyritorbaz2enqayclln"
00-0040162,"https://static.www.nfl.com/image/upload/f_auto,q_auto/league/den1hzzomdxfcsgk88o5"
00-0040164,"https://static.www.nfl.com/image/upload/f_auto,q_auto/league/fa5ufxqxs3hzioih3cfb"
00-0040170,"https://static.www.nfl.com/image/upload/f_auto,q_auto/league/jjmscqt6v4ecasveugoh"
00-0040172,"https://static.www.nfl.com/image/upload/f_auto,q_auto/league/agcwewjrj4dfssqkzksp"
00-0040177,"https://static.www.nfl.com/image/upload/f_auto,q_auto/league/un9cfqnwdzugrcy8caoh"
00-0040179,"https://static.www.nfl.com/image/upload/f_auto,q_auto/league/y2vrgvb9kbvfpmyb3yzu"
00-0040184,"https://static.www.nfl.com/image/upload/f_auto,q_auto/league/xhhzgylwh0ptvpaghnuu"
00-0040187,"https://static.www.nfl.com/image/upload/f_auto,q_auto/league/yruhsxdnyfaa7iswn1dp"
00-0040189,"https://static.www.nfl.com/image/upload/f_auto,q_auto/league/r8b4oghjwhw8x9nv1wbs"
00-0040194,"https://static.www.nfl.com/image/upload/f_auto,q_auto/league/gl3easmpg7rn6e5siya2"
00-0040198,"https://static.www.nfl.com/image/upload/f_auto,q_auto/league/bv33rgypaauv7sealwkr"
00-0040202,"https://static.www.nfl.com/image/upload/f_auto,q_auto/league/e0pzghslevb27ssozx4s"
00-0040205,"https://static.www.nfl.com/image/upload/f_auto,q_auto/league/jv2phcl7aihai00wkqgb"
00-0040206,"https://static.www.nfl.com/image/upload/f_auto,q_auto/league/okxcrf19ylc0hwfefmwl"
00-0040208,"https://static.www.nfl.com/image/upload/f_auto,q_auto/league/s89clgkij0ytcmrkdydt"
00-0040218,"https://static.www.nfl.com/image/upload/f_auto,q_auto/league/gggcgfbghcft0xwxtrhk"
00-0040225,"https://static.www.nfl.com/image/upload/f_auto,q_auto/league/vbaqpkcxcfwh9dhzescy"
00-0040234,"https://static.www.nfl.com/image/upload/f_auto,q_auto/league/bbcwyjuhyijtqe7jo274"
00-0040236,"https://static.www.nfl.com/image/upload/f_auto,q_auto/league/bkkk3uuouhcobydqawro"
00-0040237,"https://static.www.nfl.com/image/upload/f_auto,q_auto/league/ajbnpagviw0glrhf5a2e"
00-0040238,"https://static.www.nfl.com/image/upload/f_auto,q_auto/league/i0utigksuuvo2njb9wtk"
00-0040241,"https://static.www.nfl.com/image/upload/f_auto,q_auto/league/ccplcgivzomevih1erpl"
00-0040242,"https://static.www.nfl.com/image/upload/f_auto,q_auto/league/qew4qhlj4yuf50voko61"
00-0040244,"https://static.www.nfl.com/image/upload/f_auto,q_auto/league/sloxqlvfyoufh2bb3zku"
00-0040259,"https://static.www.nfl.com/image/upload/f_auto,q_auto/league/sivfugvzbbxrgkvxr5cb"
00-0040277,"https://static.www.nfl.com/image/upload/f_auto,q_auto/league/cr13mo2xrpdkksy8fveq"
00-0040311,"https://static.www.nfl.com/image/upload/f_auto,q_auto/league/iykujtgwn2x1ymy7jdxw"
00-0040317,"https://static.www.nfl.com/image/upload/f_auto,q_auto/league/jfy4bvrbzlpyreglk79s"
00-0040352,"https://static.www.nfl.com/image/upload/f_auto,q_auto/league/rvjkyuhymdjax5jk9bf6"
00-0040363,"https://static.www.nfl.com/image/upload/f_auto,q_auto/league/vebjjfyrrrbwaqjlyvun"
00-0040398,"https://static.www.nfl.com/image/upload/f_auto,q_auto/league/sk8u7zzg7e3t4vu7xesg"
00-0040406,"https://static.www.nfl.com/image/upload/f_auto,q_auto/league/opemnlou4xhxf1hf1d3j"
00-0040429,"https://static.www.nfl.com/image/upload/f_auto,q_auto/league/c2zxbiz8153usfggosvv"
00-0040431,"https://static.www.nfl.com/image/upload/f_auto,q_auto/league/cfllxq8wvrrciu7ugnyp"
00-0040432,"https://static.www.nfl.com/image/upload/f_auto,q_auto/league/fypzpyhv2bsvlcwp2ppo"
00-0040466,"https://static.www.nfl.com/image/upload/f_auto,q_auto/league/bopoof9uczgpvpggeahp"
00-0040476,"https://static.www.nfl.com/image/upload/f_auto,q_auto/league/iw8g8cngrmp4ipcrdpwi"
00-0040488,"https://static.www.nfl.com/image/upload/f_auto,q_auto/league/q8knlo3npxhjxiyyx4h6"
00-0040494,"https://static.www.nfl.com/image/upload/f_auto,q_auto/league/fpveluufmy7buwrhpiny"
00-0040506,"https://static.www.nfl.com/image/upload/f_auto,q_auto/league/yi2pgwujy0lv9l3m3sig"
00-0040509,"https://static.www.nfl.com/image/upload/f_auto,q_auto/league/q6ea6dqd4nn27aeihiv7"
00-0040522,"https://static.www.nfl.com/image/upload/f_auto,q_auto/league/w4onu90fxjmlkmkchcg1"
00-0040534,"https://static.www.nfl.com/image/upload/f_auto,q_auto/league/r7enwgccqv93feuoeurz"
00-0040547,"https://static.www.nfl.com/image/upload/f_auto,q_auto/league/c7wg2qvjvd8diaaujwpt"
00-0040556,"https://static.www.nfl.com/image/upload/f_auto,q_auto/league/tpnamrgzfbytwlzhhyf8"
00-0040563,"https://static.www.nfl.com/image/upload/f_auto,q_auto/league/zbnf3ujmwprzgjnwdtlo"
00-0040581,"https://static.www.nfl.com/image/upload/f_auto,q_auto/league/hlxztd3lpjaxtzojuxwh"
00-0040582,"https://static.www.nfl.com/image/upload/f_auto,q_auto/league/asywvwrn6zhlidxothqn"
00-0040583,"https://static.www.nfl.com/image/upload/f_auto,q_auto/league/y5ntpcenhhhv98uz2fys"
00-0040584,"https://static.www.nfl.com/image/upload/f_auto,q_auto/league/hewm6ztgka7xkbl6ybvb"
00-0040586,"https://static.www.nfl.com/image/upload/f_auto,q_auto/league/lscygdlqczomp0l9oykv"
00-0040590,"https://static.www.nfl.com/image/upload/f_auto,q_auto/league/cehkowkvb4aujslmppbj"
00-0040628,"https://static.www.nfl.com/image/upload/f_auto,q_auto/league/olsiufbauh2x6pshrygm"
00-0040629,"https://static.www.nfl.com/image/upload/f_auto,q_auto/league/lmdwuz4anz0nhbaeewmm"
00-0040644,"https://static.www.nfl.com/image/upload/f_auto,q_auto/league/pcuzq84x7ia5yvmikltb"
00-0040646,"https://static.www.nfl.com/image/upload/f_auto,q_auto/league/sqrid1hnmwqymcp2vxfx"
00-0040648,"https://static.www.nfl.com/image/upload/f_auto,q_auto/league/lmsun4qzmk1rkgt4kw76"
00-0040649,"https://static.www.nfl.com/image/upload/f_auto,q_auto/league/kdykjwqk5xcnrfbtp47o"
00-0040663,"https://static.www.nfl.com/image/upload/f_auto,q_auto/league/fxublmpnxx9uggsddwik"
00-0040666,"https://static.www.nfl.com/image/upload/f_auto,q_auto/league/lf2jxvxnbexlinoydbej"
00-0040667,"https://static.www.nfl.com/image/upload/f_auto,q_auto/league/dbjki6b0swksr7mk17wk"
00-0040668,"https://static.www.nfl.com/image/upload/f_auto,q_auto/league/joe08hz6to2madpko8zl"
00-0040669,"https://static.www.nfl.com/image/upload/f_auto,q_auto/league/ducfhbiy2a8loytcjymn"
00-0040673,"https://static.www.nfl.com/image/upload/f_auto,q_auto/league/hohqoqpdyquxn1sr1fm2"
00-0040676,"https://static.www.nfl.com/image/upload/f_auto,q_auto/league/l7switu6stlwd2irm8yo"
00-0040691,"https://static.www.nfl.com/image/upload/f_auto,q_auto/league/n6uymxssgiicjmxkzxoc"
00-0040692,"https://static.www.nfl.com/image/upload/f_auto,q_auto/league/pqqxp2q7mkpnqbahu25c"
00-0040704,"https://static.www.nfl.com/image/upload/f_auto,q_auto/league/szpyvusef9jvoctbnkbk"
00-0040705,"https://static.www.nfl.com/image/upload/f_auto,q_auto/league/cbcpv4931dqmgsu3anvo"
00-0040715,"https://static.www.nfl.com/image/upload/f_auto,q_auto/league/hlggiqdfvj1f4kntkafr"
00-0040719,"https://static.www.nfl.com/image/upload/f_auto,q_auto/league/ryjnphuyjbedmgpx5qqj"
00-0040727,"https://static.www.nfl.com/image/upload/f_auto,q_auto/league/v5ofh8jggzo8rygtpwl7"
00-0040729,"https://static.www.nfl.com/image/upload/f_auto,q_auto/league/feplgtl0x1svqen9szwv"
00-0040730,"https://static.www.nfl.com/image/upload/f_auto,q_auto/league/szxmro5enrxlscvv67xg"
00-0040734,"https://static.www.nfl.com/image/upload/f_auto,q_auto/league/ebcjvwytgu2y4kqm8ihv"
00-0040735,"https://static.www.nfl.com/image/upload/f_auto,q_auto/league/iyuwdz7pbowdkwzq2tg5"
00-0040736,"https://static.www.nfl.com/image/upload/f_auto,q_auto/league/xittx9gih104lw1atfiv"
00-0040737,"https://static.www.nfl.com/image/upload/f_auto,q_auto/league/w5o0s5yf6j5dsmiwdtfg"
00-0040739,"https://static.www.nfl.com/image/upload/f_auto,q_auto/league/m5rdyemjoxl4cuz9yun8"
00-0040743,"https://static.www.nfl.com/image/upload/f_auto,q_auto/league/toiafc7qighw86geo7jf"
00-0040782,"https://static.www.nfl.com/image/upload/f_auto,q_auto/league/piv889pkizjvgrtpfkxm"
00-0040784,"https://static.www.nfl.com/image/upload/f_auto,q_auto/league/ojtce2im0wp2ltyel0vc"
